Student_ID,Name,Age,Gender,Department,Semester,CGPA,Attendance_Rate,Scholarship,Admission_Date,Midterm_Marks,Final_Marks,City,Study_Hours_Per_Day,Fees_Paid
1001,Student_0,24,Other,Math,3,,61.0,False,2021-09-11,26,33,Multan,10,
1002,Student_1,21,Female,EE,1,3.94,98.0,False,2020-01-26,0,39,Lahore,5,Installment
1003,Student_2,22,Other,EE,5,2.44,66.0,False,2022-08-14,20,46,Faisalabad,7,Full
1004,Student_3,24,Male,EE,4,3.47,91.0,False,2021-02-24,19,14,Faisalabad,8,Full
1005,Student_4,20,Male,CS,2,3.53,79.0,False,2021-10-24,12,10,Karachi,3,Installment
1006,Student_5,22,Male,Math,1,3.86,78.0,False,2020-08-08,29,21,Lahore,2,
1007,Student_6,22,Female,Math,3,2.06,68.0,False,2022-05-02,8,23,Islamabad,2,Full
1008,Student_7,24,Male,Physics,7,3.74,95.0,False,2021-05-10,14,0,Lahore,5,Pending
1009,Student_8,19,Female,Physics,6,3.05,60.0,False,2020-08-24,2,17,Faisalabad,1,Pending
1010,Student_9,20,Male,Physics,7,3.27,83.0,True,2020-08-24,13,43,Karachi,2,Full
1011,Student_10,24,Male,EE,7,3.29,99.0,True,2020-08-06,22,11,Karachi,9,Installment
1012,Student_11,20,Female,Math,2,3.64,56.0,False,2021-05-01,10,42,Islamabad,7,Full
1013,Student_12,20,Female,EE,8,2.67,93.0,False,2022-07-24,23,27,Karachi,6,Full
1014,Student_13,22,Male,CS,8,3.47,83.0,False,2021-04-05,21,39,Karachi,9,Installment
1015,Student_14,21,Female,Physics,3,3.06,69.0,True,2021-10-24,11,6,Karachi,7,Pending
1016,Student_15,20,Male,EE,4,3.59,99.0,True,2021-09-26,12,22,Karachi,11,Full
1017,Student_16,23,Female,EE,8,3.98,,False,2020-05-23,25,20,Karachi,5,Pending
1018,Student_17,22,Other,CS,7,2.4,73.0,False,2022-09-16,12,33,Faisalabad,9,Pending
1019,Student_18,19,Other,BBA,8,3.99,59.0,False,2020-07-07,0,10,Lahore,6,Installment
1020,Student_19,21,Other,Math,7,2.18,81.0,False,2020-09-11,23,21,Multan,6,Full
1021,Student_20,23,Other,BBA,5,2.0,64.0,False,2020-03-08,30,41,Karachi,11,Full
1022,Student_21,23,Other,Physics,2,2.09,86.0,False,2021-09-07,9,34,Multan,4,Pending
1023,Student_22,19,Male,EE,2,2.68,69.0,False,2020-12-01,2,28,Multan,1,Pending
1024,Student_23,21,Other,CS,4,3.27,52.0,False,2021-11-01,23,41,Faisalabad,5,Installment
1025,Student_24,22,Other,CS,8,2.14,86.0,False,2022-03-31,27,27,Karachi,11,Pending
1026,Student_25,18,Other,Math,8,2.01,89.0,False,2022-05-23,3,17,Multan,9,Installment
1027,Student_26,21,Other,BBA,6,3.87,57.0,False,2021-02-12,15,13,Karachi,8,Full
1028,Student_27,19,Female,Math,1,3.64,89.0,False,2020-10-26,7,17,Islamabad,8,Installment
1029,Student_28,23,Male,EE,5,3.62,93.0,True,2022-06-26,15,27,Islamabad,5,Pending
1030,Student_29,22,Other,Math,2,3.77,72.0,False,2021-08-24,26,23,Islamabad,9,Full
1031,Student_30,21,Other,CS,5,3.4,89.0,False,2020-12-22,16,7,Multan,3,Installment
1032,Student_31,18,Other,CS,2,2.21,60.0,False,2020-09-12,18,41,Islamabad,3,Full
1033,Student_32,18,Male,Physics,5,2.8,95.0,False,2020-12-18,21,44,Faisalabad,1,Installment
1034,Student_33,20,Female,Physics,3,3.45,57.0,False,2022-01-01,14,7,Faisalabad,9,Pending
1035,Student_34,20,Male,EE,7,2.56,78.0,True,2021-06-04,15,3,Multan,6,Pending
1036,Student_35,24,Female,BBA,2,3.37,79.0,False,2021-06-07,14,26,Karachi,2,Full
1037,Student_36,19,Other,Math,5,2.05,59.0,False,2022-04-16,24,35,Lahore,8,Full
1038,Student_37,21,Other,EE,8,2.61,88.0,False,2022-08-07,1,4,Karachi,9,Full
1039,Student_38,21,Male,Physics,1,3.1,77.0,False,2022-01-25,10,32,Karachi,9,Installment
1040,Student_39,24,Male,Math,3,3.26,98.0,False,2021-11-24,0,48,Karachi,2,Pending
1041,Student_40,23,Female,Physics,3,3.15,85.0,False,2020-10-10,14,33,Karachi,2,Full
1042,Student_41,23,Female,Math,1,3.4,62.0,False,2020-11-07,25,29,Lahore,7,Full
1043,Student_42,24,Male,BBA,5,2.01,81.0,False,2020-04-08,18,7,Islamabad,11,Full
1044,Student_43,23,Female,EE,8,2.2,85.0,False,2020-07-15,3,38,Karachi,4,Installment
1045,Student_44,20,Male,Math,4,3.74,86.0,False,2021-04-26,10,46,Faisalabad,1,Full
1046,Student_45,21,Female,CS,1,3.36,75.0,False,2022-05-27,4,25,Multan,8,Full
1047,Student_46,24,Male,CS,5,2.23,71.0,False,2020-08-13,2,36,Multan,2,Installment
1048,Student_47,21,Male,Math,1,3.68,53.0,False,2022-04-24,12,33,Faisalabad,3,Installment
1049,Student_48,18,Male,Math,1,2.48,80.0,False,2021-09-06,9,6,Karachi,5,Full
1050,Student_49,20,Female,Math,2,2.96,67.0,False,2021-09-09,10,39,Lahore,3,Full
1051,Student_50,22,Female,CS,5,2.29,87.0,False,2020-12-30,17,27,Islamabad,7,Installment
1052,Student_51,20,Female,CS,4,3.42,73.0,False,2021-01-02,1,38,Multan,7,Pending
1053,Student_52,24,Male,Math,7,3.33,72.0,False,2021-07-23,6,38,Islamabad,2,Installment
1054,Student_53,22,Female,Physics,2,2.42,71.0,True,2021-08-12,8,27,Lahore,7,Pending
1055,Student_54,18,Female,Physics,1,3.73,51.0,True,2020-03-15,9,13,Multan,11,Full
1056,Student_55,24,Male,BBA,7,2.8,80.0,False,2020-02-11,17,49,Islamabad,6,Full
1057,Student_56,19,Other,EE,6,2.59,60.0,False,2021-02-25,22,37,Lahore,10,Pending
1058,Student_57,21,Male,Physics,7,2.3,77.0,False,2022-04-15,6,3,Islamabad,9,Installment
1059,Student_58,18,Female,CS,1,2.53,95.0,False,2020-06-29,26,41,Karachi,9,Full
1060,Student_59,21,Male,Physics,1,2.04,81.0,False,2021-06-28,6,17,Lahore,2,Pending
1061,Student_60,23,Other,BBA,8,3.17,54.0,False,2020-03-11,2,43,Islamabad,7,Installment
1062,Student_61,19,Male,BBA,5,3.68,87.0,False,2021-07-21,11,47,Karachi,5,Pending
1063,Student_62,19,Female,EE,5,,59.0,True,2020-04-14,6,24,Karachi,6,Installment
1064,Student_63,18,Other,Physics,2,2.44,89.0,False,2020-07-18,16,6,Lahore,1,Installment
1065,Student_64,19,Female,CS,4,2.07,95.0,False,2020-04-10,25,37,Faisalabad,7,Installment
1066,Student_65,22,Other,CS,2,2.43,73.0,True,2022-02-06,0,27,Multan,6,Installment
1067,Student_66,19,Other,Math,3,2.83,84.0,False,2020-11-02,4,4,Lahore,4,Pending
1068,Student_67,21,Male,CS,1,3.52,93.0,True,2021-08-08,15,2,Karachi,1,Pending
1069,Student_68,21,Male,EE,7,2.38,97.0,False,2021-11-13,14,43,Karachi,9,Pending
1070,Student_69,24,Female,EE,6,3.44,72.0,False,2021-01-11,1,30,Lahore,4,Pending
1071,Student_70,21,Male,CS,1,3.73,66.0,False,2021-10-16,8,46,Faisalabad,2,Pending
1072,Student_71,24,Male,CS,1,2.91,50.0,False,2021-11-08,30,41,Multan,8,Installment
1073,Student_72,21,Other,Math,2,3.64,80.0,False,2021-02-02,6,19,Islamabad,2,Full
1074,Student_73,22,Male,CS,6,3.11,80.0,False,2022-02-11,3,18,Lahore,5,Full
1075,Student_74,24,Other,Math,6,3.27,91.0,False,2020-08-08,19,47,Multan,11,Pending
1076,Student_75,20,Other,Math,6,3.05,91.0,False,2021-08-17,17,10,Multan,6,Pending
1077,Student_76,23,Other,CS,2,2.93,83.0,False,2020-06-30,20,39,Karachi,11,Full
1078,Student_77,18,Female,BBA,1,2.47,58.0,False,2020-11-02,3,2,Islamabad,8,Installment
1079,Student_78,21,Female,BBA,2,2.61,71.0,False,2021-06-05,27,22,Lahore,11,Pending
1080,Student_79,19,Female,Math,5,,62.0,False,2021-01-30,12,6,Karachi,1,Installment
1081,Student_80,21,Other,CS,5,3.13,74.0,False,2020-01-04,0,22,Karachi,1,Full
1082,Student_81,19,Female,BBA,2,2.24,97.0,False,2022-05-12,27,6,Faisalabad,4,Full
1083,Student_82,23,Female,CS,6,3.83,67.0,False,2022-07-02,23,45,Multan,5,Pending
1084,Student_83,23,Male,CS,8,3.44,61.0,False,2022-04-27,2,33,Lahore,9,Installment
1085,Student_84,23,Female,CS,1,2.8,89.0,False,2022-09-26,15,41,Lahore,11,Pending
1086,Student_85,19,Female,Physics,2,2.32,66.0,False,2022-03-14,29,18,Lahore,7,Full
1087,Student_86,21,Other,CS,2,3.76,64.0,False,2020-10-07,21,8,Karachi,7,Installment
1088,Student_87,23,Other,Physics,2,3.65,91.0,False,2020-08-02,3,47,Faisalabad,8,Pending
1089,Student_88,22,Other,Math,8,3.44,,False,2022-08-29,24,50,Islamabad,5,
1090,Student_89,24,Other,BBA,8,2.54,64.0,False,2021-09-01,22,17,Karachi,5,Pending
1091,Student_90,19,Other,BBA,3,2.8,,False,2021-02-23,24,40,Islamabad,1,Full
1092,Student_91,19,Other,BBA,5,2.21,62.0,False,2020-04-10,15,47,Faisalabad,9,Pending
1093,Student_92,21,Female,BBA,7,2.38,66.0,False,2022-08-20,25,44,Multan,6,Installment
1094,Student_93,19,Other,BBA,6,3.57,81.0,True,2021-06-04,18,41,Lahore,9,Pending
1095,Student_94,19,Other,BBA,4,,58.0,True,2021-07-26,0,24,Islamabad,3,Full
1096,Student_95,23,Male,BBA,8,3.19,89.0,True,2020-11-04,4,13,Karachi,5,Pending
1097,Student_96,21,Female,Math,7,3.79,69.0,False,2021-10-19,18,43,Islamabad,2,Full
1098,Student_97,23,Female,CS,8,3.17,75.0,True,2022-07-27,21,24,Multan,10,Full
1099,Student_98,24,Female,EE,6,2.93,76.0,True,2022-07-19,23,18,Lahore,5,Installment
1100,Student_99,24,Other,Physics,4,2.68,70.0,False,2021-05-24,10,38,Islamabad,8,Installment
1101,Student_100,23,Other,EE,3,3.88,67.0,False,2020-03-03,12,14,Multan,11,Pending
1102,Student_101,24,Other,EE,2,2.17,62.0,False,2021-09-24,19,15,Karachi,2,Full
1103,Student_102,21,Male,CS,3,3.86,65.0,False,2020-08-13,4,26,Faisalabad,8,Full
1104,Student_103,18,Other,CS,8,3.65,58.0,True,2020-04-14,20,39,Karachi,4,Installment
1105,Student_104,23,Male,CS,3,2.26,61.0,False,2022-08-31,3,9,Lahore,10,Installment
1106,Student_105,22,Female,BBA,7,3.13,93.0,False,2022-02-10,3,3,Karachi,10,Pending
1107,Student_106,22,Other,Math,1,3.73,87.0,False,2022-05-10,3,50,Karachi,1,Full
1108,Student_107,19,Male,BBA,8,3.14,68.0,False,2021-02-28,3,18,Karachi,5,Installment
1109,Student_108,24,Male,Math,8,3.81,56.0,False,2020-09-11,19,27,Karachi,1,Pending
1110,Student_109,22,Other,Math,7,3.89,84.0,False,2021-03-04,20,20,Lahore,7,Full
1111,Student_110,19,Female,EE,5,2.84,97.0,False,2021-03-09,17,46,Multan,8,Full
1112,Student_111,18,Female,EE,4,2.75,67.0,True,2020-07-25,17,13,Islamabad,3,Installment
1113,Student_112,21,Female,Math,2,3.87,65.0,True,2020-01-28,15,32,Faisalabad,3,Pending
1114,Student_113,21,Male,Math,7,3.35,88.0,True,2021-11-12,8,47,Islamabad,7,Installment
1115,Student_114,21,Male,BBA,4,2.23,53.0,False,2020-12-01,17,9,Islamabad,4,Pending
1116,Student_115,22,Male,BBA,6,2.08,74.0,False,2021-08-10,21,18,Faisalabad,3,Full
1117,Student_116,18,Male,EE,4,3.13,81.0,True,2021-09-19,1,29,Lahore,8,Pending
1118,Student_117,22,Female,CS,6,3.86,,False,2020-03-09,20,21,Faisalabad,3,Pending
1119,Student_118,24,Other,Math,7,3.69,62.0,False,2022-05-15,3,2,Lahore,7,Pending
1120,Student_119,22,Male,BBA,8,3.35,94.0,True,2022-01-15,11,36,Islamabad,2,Pending
1121,Student_120,18,Male,EE,8,,66.0,False,2021-05-27,6,40,Lahore,11,Pending
1122,Student_121,18,Female,BBA,5,2.51,98.0,True,2020-06-15,14,17,Multan,11,Installment
1123,Student_122,24,Other,Math,7,3.75,86.0,False,2022-05-13,6,10,Faisalabad,1,Pending
1124,Student_123,18,Other,Math,6,2.37,55.0,False,2021-12-30,28,47,Multan,6,Pending
1125,Student_124,18,Female,Physics,4,2.56,68.0,False,2022-02-23,21,1,Islamabad,8,Full
1126,Student_125,21,Female,CS,4,2.26,62.0,True,2021-01-02,25,11,Faisalabad,1,Pending
1127,Student_126,24,Other,Physics,6,3.35,75.0,False,2020-09-07,20,5,Islamabad,10,Full
1128,Student_127,20,Male,EE,3,3.89,63.0,True,2022-05-08,16,42,Multan,9,Installment
1129,Student_128,20,Other,BBA,5,2.54,80.0,True,2022-05-05,15,39,Islamabad,3,Installment
1130,Student_129,18,Female,EE,1,,53.0,False,2022-07-19,27,43,Faisalabad,3,Pending
1131,Student_130,20,Male,Math,8,3.27,88.0,False,2021-11-16,30,28,Faisalabad,4,Installment
1132,Student_131,20,Male,Physics,2,4.0,57.0,False,2020-06-18,18,29,Islamabad,11,Pending
1133,Student_132,18,Female,Physics,4,2.21,74.0,False,2022-01-27,8,1,Faisalabad,1,Installment
1134,Student_133,20,Female,Physics,2,3.0,62.0,False,2022-07-23,30,8,Faisalabad,9,Pending
1135,Student_134,22,Female,EE,1,2.77,81.0,True,2020-03-30,13,46,Islamabad,11,Pending
1136,Student_135,19,Other,Math,7,3.73,87.0,True,2021-07-14,16,1,Multan,3,Full
1137,Student_136,24,Other,BBA,2,2.95,87.0,False,2021-03-21,4,28,Faisalabad,10,Full
1138,Student_137,19,Male,BBA,1,2.22,77.0,False,2020-10-20,1,32,Faisalabad,4,Full
1139,Student_138,18,Female,EE,8,,79.0,False,2022-07-07,19,9,Faisalabad,1,Full
1140,Student_139,21,Male,Physics,6,3.54,52.0,False,2020-05-29,15,33,Faisalabad,4,
1141,Student_140,24,Male,CS,3,2.01,77.0,False,2020-05-11,13,43,Islamabad,1,Installment
1142,Student_141,18,Male,EE,8,,52.0,False,2021-03-08,13,7,Multan,5,Pending
1143,Student_142,21,Male,EE,4,2.37,,False,2020-02-28,26,36,Multan,5,Full
1144,Student_143,19,Female,Math,1,3.1,83.0,False,2022-08-26,0,32,Lahore,11,Full
1145,Student_144,18,Male,BBA,2,2.83,65.0,False,2022-04-15,2,46,Faisalabad,7,Installment
1146,Student_145,24,Female,EE,4,3.44,71.0,False,2020-07-17,25,5,Faisalabad,8,Full
1147,Student_146,24,Female,EE,3,2.74,81.0,False,2020-08-02,6,43,Lahore,4,Pending
1148,Student_147,23,Other,Physics,6,,87.0,False,2022-06-16,25,39,Multan,7,Pending
1149,Student_148,22,Female,Physics,7,3.46,57.0,False,2021-07-14,14,44,Karachi,4,Pending
1150,Student_149,20,Other,CS,4,3.3,57.0,False,2021-04-16,18,18,Karachi,3,Pending
1151,Student_150,21,Female,Math,7,3.59,55.0,False,2022-01-13,19,31,Multan,6,Pending
1152,Student_151,23,Female,CS,1,3.51,63.0,True,2020-09-03,1,26,Faisalabad,4,Installment
1153,Student_152,20,Female,Physics,3,2.07,81.0,False,2021-01-16,18,0,Karachi,3,Pending
1154,Student_153,20,Other,BBA,2,2.79,84.0,False,2022-09-17,8,42,Islamabad,9,Full
1155,Student_154,18,Other,Physics,3,3.86,59.0,False,2020-08-26,18,32,Islamabad,5,Full
1156,Student_155,20,Male,Math,3,2.25,52.0,False,2022-07-15,26,39,Lahore,7,Full
1157,Student_156,22,Other,Physics,5,3.47,61.0,False,2021-01-01,4,31,Multan,6,Full
1158,Student_157,24,Other,Math,3,,98.0,False,2020-06-16,17,4,Multan,10,Installment
1159,Student_158,23,Other,Math,3,2.1,80.0,False,2021-07-13,15,16,Karachi,5,Full
1160,Student_159,20,Other,Math,8,3.36,78.0,False,2020-02-20,3,7,Faisalabad,7,Installment
1161,Student_160,18,Male,Math,4,2.94,54.0,False,2022-03-21,11,41,Multan,11,Full
1162,Student_161,22,Other,Math,2,3.16,74.0,False,2021-09-01,28,33,Karachi,6,Installment
1163,Student_162,19,Female,BBA,8,2.17,90.0,True,2022-08-08,6,8,Karachi,10,Installment
1164,Student_163,24,Female,CS,8,2.09,80.0,False,2021-12-28,13,22,Multan,2,Installment
1165,Student_164,24,Other,EE,4,3.33,70.0,True,2021-11-19,22,34,Karachi,3,Full
1166,Student_165,23,Other,CS,4,3.65,69.0,False,2021-01-14,11,49,Lahore,2,Installment
1167,Student_166,24,Female,Math,1,3.56,88.0,False,2021-04-18,2,6,Lahore,3,Pending
1168,Student_167,20,Female,BBA,4,3.09,71.0,False,2020-03-20,4,14,Multan,1,Pending
1169,Student_168,18,Male,Physics,5,2.2,53.0,False,2021-11-27,16,19,Faisalabad,8,Full
1170,Student_169,24,Female,BBA,5,3.38,62.0,True,2021-01-01,25,49,Lahore,6,Pending
1171,Student_170,24,Female,Math,8,2.48,94.0,False,2021-04-05,9,24,Lahore,2,Pending
1172,Student_171,19,Other,BBA,7,3.82,91.0,False,2022-06-29,9,2,Multan,8,Pending
1173,Student_172,19,Female,BBA,1,3.68,99.0,False,2021-06-22,10,45,Islamabad,6,Full
1174,Student_173,21,Male,Math,7,3.42,98.0,False,2021-03-27,16,23,Karachi,7,Full
1175,Student_174,22,Female,BBA,7,3.9,69.0,True,2021-04-08,4,33,Lahore,11,Pending
1176,Student_175,20,Other,EE,8,2.06,62.0,True,2022-08-17,12,45,Islamabad,1,Full
1177,Student_176,24,Other,EE,6,3.47,66.0,True,2021-04-22,9,21,Faisalabad,7,Installment
1178,Student_177,24,Female,BBA,8,2.66,85.0,True,2022-07-14,8,10,Islamabad,3,Pending
1179,Student_178,18,Other,Physics,2,3.81,82.0,False,2021-02-23,16,47,Multan,11,Full
1180,Student_179,21,Male,Math,2,2.53,50.0,False,2021-12-07,0,7,Faisalabad,8,Full
1181,Student_180,22,Male,EE,4,3.45,64.0,False,2020-08-01,3,38,Faisalabad,6,Pending
1182,Student_181,21,Female,Physics,4,3.76,62.0,False,2021-01-03,3,42,Islamabad,4,Full
1183,Student_182,23,Female,BBA,6,,66.0,True,2022-05-03,17,34,Multan,11,Pending
1184,Student_183,22,Female,Physics,4,,73.0,False,2020-04-23,8,48,Lahore,8,Full
1185,Student_184,24,Other,CS,2,3.52,57.0,True,2022-01-23,29,45,Islamabad,9,Installment
1186,Student_185,24,Male,EE,7,2.91,99.0,False,2021-05-17,24,37,Lahore,10,Pending
1187,Student_186,22,Male,BBA,8,2.53,76.0,False,2021-09-27,28,7,Islamabad,2,Installment
1188,Student_187,24,Other,Math,3,2.44,94.0,True,2022-03-27,28,36,Lahore,6,Pending
1189,Student_188,20,Male,BBA,5,2.26,72.0,False,2021-08-10,17,26,Islamabad,5,Full
1190,Student_189,22,Female,Math,3,3.71,95.0,False,2020-11-06,13,27,Faisalabad,5,Installment
1191,Student_190,21,Female,BBA,3,3.15,57.0,False,2021-04-13,24,39,Karachi,10,Full
1192,Student_191,22,Female,Physics,2,2.15,57.0,False,2022-04-03,14,33,Faisalabad,11,Pending
1193,Student_192,24,Male,Physics,3,2.77,75.0,True,2021-12-08,5,31,Lahore,3,Pending
1194,Student_193,20,Female,Physics,8,2.74,96.0,False,2022-05-12,23,14,Multan,8,Pending
1195,Student_194,20,Other,CS,6,2.36,62.0,False,2020-02-13,9,43,Faisalabad,8,Pending
1196,Student_195,23,Other,Math,1,2.87,88.0,True,2021-02-18,28,16,Karachi,5,Pending
1197,Student_196,21,Male,Physics,4,,86.0,False,2021-11-28,14,32,Lahore,8,Installment
1198,Student_197,19,Other,CS,1,,98.0,True,2022-05-04,28,46,Faisalabad,10,Pending
1199,Student_198,19,Other,Math,7,3.48,77.0,False,2020-09-02,3,45,Islamabad,8,Full
1200,Student_199,22,Male,BBA,8,2.45,74.0,True,2022-08-06,17,15,Multan,3,Installment
1201,Student_200,23,Female,CS,8,3.28,65.0,False,2020-03-24,17,28,Lahore,2,Full
1202,Student_201,18,Female,EE,5,3.14,51.0,False,2020-07-25,24,8,Faisalabad,9,Pending
1203,Student_202,22,Female,CS,8,,67.0,False,2020-05-30,16,32,Lahore,2,Full
1204,Student_203,23,Male,CS,4,3.33,66.0,False,2021-10-29,11,48,Islamabad,9,Installment
1205,Student_204,21,Other,Math,8,3.1,79.0,False,2021-06-11,6,28,Karachi,4,Installment
1206,Student_205,21,Female,BBA,3,3.76,88.0,False,2020-06-13,15,12,Faisalabad,2,Installment
1207,Student_206,21,Female,EE,5,3.35,62.0,False,2022-07-05,10,20,Lahore,10,Full
1208,Student_207,21,Male,Physics,4,3.09,81.0,False,2022-09-01,13,20,Lahore,1,Installment
1209,Student_208,21,Female,Physics,6,3.66,99.0,True,2020-05-24,2,4,Lahore,4,Full
1210,Student_209,23,Male,CS,6,3.21,78.0,True,2020-02-06,18,9,Karachi,9,Pending
1211,Student_210,23,Other,Math,6,2.58,95.0,False,2020-11-28,17,5,Lahore,9,Pending
1212,Student_211,20,Male,Math,6,2.41,79.0,False,2021-02-06,29,50,Multan,4,Full
1213,Student_212,19,Male,Physics,3,2.3,67.0,False,2021-02-17,9,12,Multan,9,Installment
1214,Student_213,24,Male,EE,8,3.8,62.0,False,2020-02-14,5,0,Lahore,6,Full
1215,Student_214,21,Male,BBA,1,3.42,92.0,False,2021-02-05,12,19,Multan,1,Full
1216,Student_215,18,Other,EE,4,3.87,70.0,False,2020-07-24,9,46,Faisalabad,10,Full
1217,Student_216,24,Other,BBA,3,3.21,79.0,False,2020-03-02,17,45,Multan,6,Pending
1218,Student_217,23,Female,Physics,6,2.95,70.0,False,2021-02-23,25,7,Lahore,9,Full
1219,Student_218,18,Other,BBA,7,2.12,97.0,True,2022-05-17,30,9,Islamabad,2,Pending
1220,Student_219,18,Other,Math,8,3.34,66.0,False,2021-04-12,19,8,Faisalabad,6,Full
1221,Student_220,18,Female,CS,1,3.16,89.0,True,2022-03-30,25,48,Karachi,2,Pending
1222,Student_221,20,Other,CS,7,3.98,68.0,True,2020-01-19,15,40,Lahore,4,Full
1223,Student_222,23,Male,Physics,5,2.48,64.0,False,2020-12-30,24,2,Karachi,8,Full
1224,Student_223,18,Male,Math,7,3.06,58.0,False,2020-10-26,24,10,Islamabad,7,Installment
1225,Student_224,21,Female,EE,5,3.3,59.0,False,2020-01-07,5,11,Karachi,11,Installment
1226,Student_225,22,Female,Math,5,3.29,93.0,False,2022-01-30,12,9,Lahore,9,Full
1227,Student_226,18,Female,CS,6,3.12,80.0,False,2021-03-03,3,24,Lahore,7,Full
1228,Student_227,20,Male,CS,5,3.55,72.0,True,2020-04-26,22,48,Islamabad,1,Full
1229,Student_228,24,Other,Math,2,2.41,79.0,False,2021-08-02,13,48,Lahore,2,Full
1230,Student_229,23,Male,Math,4,3.45,82.0,False,2021-05-21,0,24,Islamabad,6,Installment
1231,Student_230,20,Female,CS,4,3.24,58.0,False,2021-06-29,27,10,Islamabad,7,Pending
1232,Student_231,18,Other,EE,6,3.79,96.0,False,2021-12-06,19,35,Lahore,3,Full
1233,Student_232,23,Other,Physics,2,3.69,50.0,False,2020-11-20,4,38,Multan,9,Installment
1234,Student_233,22,Male,Physics,7,2.63,93.0,False,2020-02-24,7,25,Islamabad,7,Full
1235,Student_234,18,Female,Math,3,2.55,,False,2022-02-16,11,13,Lahore,6,Full
1236,Student_235,20,Male,Physics,7,3.96,60.0,False,2022-09-18,1,38,Multan,6,Pending
1237,Student_236,19,Other,CS,8,3.05,,False,2020-02-11,11,39,Islamabad,1,Full
1238,Student_237,21,Male,CS,3,3.81,65.0,False,2020-10-23,4,0,Multan,5,Full
1239,Student_238,24,Male,Math,5,2.33,58.0,False,2022-08-30,21,3,Faisalabad,10,Pending
1240,Student_239,20,Female,Math,1,3.29,81.0,False,2020-08-18,4,29,Faisalabad,3,Pending
1241,Student_240,23,Female,Math,3,,64.0,False,2021-03-28,30,11,Multan,7,Pending
1242,Student_241,18,Other,EE,1,3.89,61.0,False,2022-06-08,12,34,Islamabad,10,Pending
1243,Student_242,21,Male,Physics,4,2.67,82.0,False,2021-01-28,8,12,Lahore,3,Installment
1244,Student_243,18,Male,Math,1,3.45,94.0,True,2021-06-05,9,30,Karachi,5,Installment
1245,Student_244,23,Male,BBA,4,,63.0,True,2020-12-23,0,37,Lahore,7,Installment
1246,Student_245,18,Other,BBA,2,2.12,57.0,False,2022-09-13,29,42,Karachi,3,Full
1247,Student_246,19,Other,CS,2,3.38,57.0,False,2021-03-19,2,22,Karachi,10,Pending
1248,Student_247,21,Female,Physics,6,3.38,76.0,True,2020-05-07,29,3,Islamabad,2,Pending
1249,Student_248,21,Female,Math,6,3.86,61.0,False,2021-11-21,17,15,Multan,6,Installment
1250,Student_249,23,Female,BBA,5,2.99,50.0,True,2021-02-08,11,6,Lahore,8,Full
1251,Student_250,24,Male,Physics,3,2.46,,False,2021-01-26,28,21,Multan,4,Full
1252,Student_251,19,Male,CS,5,2.09,89.0,False,2020-07-11,2,28,Faisalabad,9,Full
1253,Student_252,20,Female,EE,4,2.83,91.0,True,2021-08-26,25,10,Islamabad,8,Installment
1254,Student_253,18,Male,Physics,5,2.6,60.0,True,2022-05-30,24,32,Islamabad,7,Full
1255,Student_254,22,Female,Physics,1,3.52,88.0,False,2022-01-12,28,28,Faisalabad,7,Full
1256,Student_255,18,Other,EE,4,2.71,92.0,False,2020-03-18,29,38,Lahore,3,Full
1257,Student_256,18,Female,Physics,6,3.9,80.0,False,2020-03-25,8,11,Faisalabad,6,Pending
1258,Student_257,20,Other,CS,2,3.92,66.0,False,2020-01-30,25,6,Lahore,5,Installment
1259,Student_258,18,Male,CS,6,3.24,82.0,False,2021-12-25,1,38,Karachi,1,Pending
1260,Student_259,19,Female,EE,3,3.86,81.0,True,2020-02-18,29,41,Islamabad,11,Pending
1261,Student_260,19,Male,Math,4,3.52,78.0,False,2022-02-15,2,47,Lahore,3,Installment
1262,Student_261,21,Other,BBA,4,,70.0,True,2020-05-24,13,25,Multan,1,Pending
1263,Student_262,23,Other,Math,1,2.36,70.0,False,2020-03-09,3,39,Multan,4,Full
1264,Student_263,24,Other,Physics,3,2.92,89.0,False,2020-02-27,24,8,Islamabad,10,Full
1265,Student_264,22,Male,BBA,2,3.12,72.0,False,2021-11-27,18,40,Faisalabad,3,Full
1266,Student_265,18,Male,EE,7,3.73,55.0,True,2021-07-27,12,33,Faisalabad,11,Full
1267,Student_266,18,Male,EE,4,2.96,71.0,False,2021-04-23,6,44,Lahore,4,Installment
1268,Student_267,20,Male,BBA,4,3.8,99.0,True,2022-03-30,11,12,Faisalabad,9,Pending
1269,Student_268,23,Other,CS,1,3.35,87.0,True,2021-03-20,2,35,Islamabad,3,Pending
1270,Student_269,19,Other,BBA,5,2.27,86.0,False,2020-10-22,22,24,Lahore,6,Full
1271,Student_270,22,Female,Physics,8,3.99,94.0,False,2021-11-08,22,23,Karachi,6,Full
1272,Student_271,21,Female,CS,2,3.05,57.0,False,2020-06-19,8,43,Faisalabad,7,Pending
1273,Student_272,19,Male,EE,6,2.78,90.0,True,2021-07-28,1,16,Faisalabad,9,Installment
1274,Student_273,23,Other,BBA,3,3.32,98.0,False,2020-05-26,28,1,Lahore,7,Pending
1275,Student_274,24,Other,Math,4,2.22,84.0,False,2021-04-28,21,12,Multan,1,Full
1276,Student_275,21,Other,Math,4,3.27,60.0,False,2020-11-01,8,30,Faisalabad,8,Full
1277,Student_276,24,Female,Physics,6,3.0,73.0,False,2021-11-03,11,28,Islamabad,5,Installment
1278,Student_277,20,Female,Math,2,2.81,98.0,False,2021-10-14,30,49,Faisalabad,9,Pending
1279,Student_278,20,Other,BBA,8,3.91,70.0,False,2022-04-25,11,27,Karachi,10,Installment
1280,Student_279,18,Other,BBA,5,3.05,51.0,False,2021-08-31,14,26,Faisalabad,5,Installment
1281,Student_280,24,Other,Math,4,,89.0,False,2021-03-21,1,14,Multan,5,Full
1282,Student_281,23,Female,BBA,8,2.92,68.0,False,2020-08-08,17,30,Faisalabad,2,Pending
1283,Student_282,22,Other,Physics,2,3.84,88.0,False,2021-07-08,12,39,Lahore,11,
1284,Student_283,21,Other,CS,6,2.35,77.0,False,2022-08-02,13,14,Faisalabad,3,Pending
1285,Student_284,19,Male,Physics,1,2.43,66.0,False,2022-03-14,4,32,Multan,10,Full
1286,Student_285,23,Male,Physics,5,2.03,55.0,False,2021-01-12,25,19,Lahore,9,Full
1287,Student_286,23,Female,BBA,3,2.03,68.0,False,2021-09-11,9,41,Islamabad,7,Pending
1288,Student_287,20,Other,CS,4,3.66,87.0,True,2020-09-22,11,11,Lahore,1,Pending
1289,Student_288,24,Other,BBA,2,3.46,77.0,True,2020-04-04,9,36,Karachi,3,Full
1290,Student_289,18,Male,EE,1,2.71,51.0,False,2020-09-18,23,8,Lahore,2,Pending
1291,Student_290,18,Female,BBA,3,3.4,87.0,False,2022-04-04,10,22,Islamabad,1,Full
1292,Student_291,21,Male,BBA,7,2.79,86.0,False,2022-06-15,30,7,Faisalabad,9,
1293,Student_292,20,Male,BBA,2,3.91,,False,2020-03-11,24,31,Lahore,8,Full
1294,Student_293,23,Male,CS,2,3.93,71.0,False,2022-08-11,1,47,Lahore,5,Full
1295,Student_294,22,Male,BBA,3,2.79,75.0,True,2020-08-06,4,13,Lahore,11,Full
1296,Student_295,20,Other,CS,1,,98.0,True,2021-06-16,29,26,Lahore,2,Installment
1297,Student_296,21,Other,Math,7,3.55,92.0,False,2020-04-01,6,24,Islamabad,1,Pending
1298,Student_297,21,Male,EE,8,2.62,85.0,False,2020-05-06,30,12,Multan,7,Full
1299,Student_298,20,Female,CS,8,,62.0,False,2020-03-20,5,20,Multan,11,Installment
1300,Student_299,21,Female,Math,6,2.92,81.0,False,2022-04-03,21,44,Lahore,11,Full
1301,Student_300,20,Female,CS,1,3.56,66.0,False,2020-08-25,22,30,Islamabad,2,Installment
1302,Student_301,19,Female,CS,5,3.92,90.0,False,2022-09-09,2,36,Islamabad,1,Full
1303,Student_302,20,Male,EE,4,3.53,85.0,False,2021-01-06,12,47,Lahore,2,Full
1304,Student_303,24,Other,Physics,3,3.71,95.0,True,2022-07-04,2,42,Karachi,7,Installment
1305,Student_304,20,Female,Physics,6,3.21,68.0,False,2021-04-30,25,4,Lahore,7,
1306,Student_305,21,Male,CS,7,3.67,84.0,False,2021-11-24,24,12,Karachi,10,Pending
1307,Student_306,24,Female,BBA,3,3.57,95.0,False,2020-01-25,29,27,Lahore,6,Pending
1308,Student_307,21,Female,Math,3,2.75,89.0,True,2020-06-04,23,42,Karachi,5,Installment
1309,Student_308,18,Male,BBA,1,3.1,77.0,False,2021-05-31,20,24,Karachi,3,Pending
1310,Student_309,18,Other,BBA,4,3.61,50.0,False,2021-09-23,5,50,Lahore,3,Installment
1311,Student_310,24,Other,CS,5,2.09,91.0,False,2022-02-27,10,34,Karachi,11,Pending
1312,Student_311,19,Male,CS,8,3.62,67.0,True,2021-06-13,27,46,Faisalabad,9,Full
1313,Student_312,18,Other,CS,2,2.36,97.0,False,2022-07-31,25,38,Multan,4,Pending
1314,Student_313,20,Male,CS,2,3.03,89.0,False,2021-12-10,16,6,Islamabad,9,Full
1315,Student_314,21,Male,Physics,3,3.62,82.0,False,2020-02-26,9,37,Karachi,4,Full
1316,Student_315,18,Male,CS,8,2.51,61.0,False,2021-08-27,11,31,Karachi,2,Pending
1317,Student_316,18,Other,Physics,8,2.49,57.0,False,2020-01-19,16,2,Islamabad,4,Installment
1318,Student_317,19,Male,Physics,4,2.81,73.0,False,2021-01-18,3,44,Karachi,6,Full
1319,Student_318,24,Female,CS,7,3.79,65.0,False,2022-05-14,1,38,Islamabad,6,Full
1320,Student_319,24,Other,EE,7,2.0,99.0,False,2020-07-11,10,36,Lahore,5,Pending
1321,Student_320,23,Other,Math,6,3.8,53.0,False,2020-08-24,6,49,Faisalabad,1,Installment
1322,Student_321,19,Other,BBA,1,2.31,87.0,False,2021-01-21,1,21,Faisalabad,3,
1323,Student_322,20,Other,Physics,4,,93.0,True,2021-03-01,25,7,Multan,5,Pending
1324,Student_323,24,Female,Math,4,3.91,76.0,False,2020-10-03,17,16,Karachi,6,Installment
1325,Student_324,21,Other,EE,1,2.99,58.0,False,2020-08-14,20,26,Multan,1,Pending
1326,Student_325,19,Other,BBA,8,3.03,96.0,True,2022-01-14,3,32,Lahore,9,Pending
1327,Student_326,18,Male,BBA,7,2.96,65.0,False,2021-07-05,7,45,Faisalabad,3,Pending
1328,Student_327,21,Other,Physics,7,3.27,61.0,False,2020-11-18,19,16,Lahore,10,Full
1329,Student_328,21,Female,CS,8,2.18,80.0,False,2020-06-01,13,41,Lahore,3,Full
1330,Student_329,18,Female,EE,7,2.07,73.0,True,2021-09-30,11,11,Karachi,11,Full
1331,Student_330,19,Female,Physics,3,2.12,63.0,False,2020-08-24,21,47,Lahore,2,Pending
1332,Student_331,18,Female,EE,4,2.89,94.0,False,2022-09-24,20,45,Faisalabad,8,Full
1333,Student_332,23,Other,CS,2,2.55,74.0,False,2020-02-24,26,26,Multan,3,Full
1334,Student_333,21,Other,CS,1,3.24,83.0,False,2022-09-06,29,47,Faisalabad,6,Full
1335,Student_334,22,Female,Physics,7,3.98,52.0,True,2021-03-11,17,7,Karachi,2,Pending
1336,Student_335,22,Female,CS,6,2.77,73.0,False,2021-11-14,10,22,Faisalabad,7,Pending
1337,Student_336,20,Other,Math,7,3.15,91.0,True,2020-04-18,30,41,Islamabad,4,Pending
1338,Student_337,24,Female,BBA,7,2.83,58.0,False,2022-05-15,28,48,Multan,9,Full
1339,Student_338,18,Male,Physics,5,3.69,75.0,False,2022-09-07,27,28,Islamabad,10,Installment
1340,Student_339,18,Female,EE,3,3.8,69.0,False,2020-07-02,29,49,Islamabad,9,Full
1341,Student_340,20,Female,Math,1,3.75,89.0,True,2022-08-08,7,19,Karachi,7,Full
1342,Student_341,20,Male,Physics,5,3.95,59.0,False,2021-01-02,1,15,Lahore,8,Pending
1343,Student_342,20,Male,CS,5,2.06,68.0,True,2022-09-09,24,16,Islamabad,3,Pending
1344,Student_343,21,Other,CS,6,3.68,52.0,False,2020-07-16,14,15,Faisalabad,11,Full
1345,Student_344,23,Other,CS,4,3.5,73.0,False,2021-01-05,8,18,Lahore,5,Full
1346,Student_345,18,Male,CS,6,2.46,54.0,False,2021-01-07,18,7,Faisalabad,2,Installment
1347,Student_346,21,Male,EE,4,3.91,52.0,False,2022-08-30,19,37,Faisalabad,10,Installment
1348,Student_347,20,Other,Math,4,2.3,76.0,True,2021-05-11,7,37,Lahore,7,Pending
1349,Student_348,18,Female,BBA,1,3.36,65.0,False,2021-08-21,24,28,Lahore,8,
1350,Student_349,21,Male,EE,7,2.45,98.0,True,2020-07-19,18,40,Faisalabad,9,Installment
1351,Student_350,23,Other,EE,1,2.86,64.0,True,2022-04-28,4,35,Karachi,11,Pending
1352,Student_351,21,Female,BBA,3,3.44,84.0,False,2021-05-23,10,25,Multan,11,Installment
1353,Student_352,23,Male,BBA,4,3.13,61.0,True,2020-11-17,14,30,Multan,7,Full
1354,Student_353,20,Female,CS,5,2.86,90.0,True,2020-10-01,7,43,Karachi,10,Installment
1355,Student_354,23,Other,EE,7,2.65,93.0,False,2020-07-29,18,11,Lahore,10,Pending
1356,Student_355,18,Male,Physics,2,3.68,75.0,False,2021-05-18,22,16,Faisalabad,8,Full
1357,Student_356,20,Female,BBA,3,2.29,96.0,True,2022-06-21,26,14,Multan,9,Installment
1358,Student_357,18,Male,BBA,1,2.86,83.0,False,2020-04-27,7,8,Faisalabad,6,Full
1359,Student_358,22,Female,Math,6,3.81,72.0,False,2021-12-03,25,38,Karachi,10,Full
1360,Student_359,19,Other,Physics,3,3.69,80.0,False,2021-07-07,26,41,Faisalabad,2,Installment
1361,Student_360,23,Other,Physics,3,,99.0,False,2020-02-11,29,47,Karachi,2,Installment
1362,Student_361,19,Male,BBA,7,3.53,69.0,True,2020-11-10,18,11,Lahore,4,Pending
1363,Student_362,19,Female,CS,3,3.65,61.0,False,2022-02-26,17,31,Karachi,9,Pending
1364,Student_363,23,Male,Math,3,3.78,72.0,False,2020-11-24,9,24,Karachi,7,Full
1365,Student_364,20,Male,Physics,2,3.09,53.0,False,2020-01-17,28,38,Multan,2,Pending
1366,Student_365,22,Female,BBA,8,2.41,72.0,False,2020-10-09,6,17,Faisalabad,8,Full
1367,Student_366,18,Female,Physics,6,2.51,97.0,False,2022-07-31,27,14,Multan,11,Full
1368,Student_367,21,Female,Math,6,2.59,97.0,False,2020-09-14,8,31,Islamabad,7,Pending
1369,Student_368,18,Other,Math,6,3.19,50.0,False,2021-07-28,0,5,Karachi,9,Pending
1370,Student_369,21,Male,EE,4,2.07,74.0,False,2021-07-27,18,43,Islamabad,8,Pending
1371,Student_370,18,Male,BBA,5,3.27,51.0,True,2021-09-03,4,42,Multan,3,Installment
1372,Student_371,23,Other,Math,8,2.73,79.0,True,2020-01-19,18,34,Faisalabad,1,Full
1373,Student_372,22,Female,EE,6,,52.0,False,2021-06-12,0,33,Multan,2,Full
1374,Student_373,21,Other,EE,3,3.76,70.0,False,2022-04-16,14,37,Faisalabad,2,Full
1375,Student_374,24,Other,Physics,3,2.92,74.0,False,2021-02-26,15,4,Faisalabad,4,Pending
1376,Student_375,20,Other,Physics,6,2.19,69.0,False,2021-04-10,22,17,Lahore,6,Pending
1377,Student_376,18,Male,EE,7,3.65,98.0,False,2021-01-07,6,15,Karachi,4,Pending
1378,Student_377,18,Other,Physics,6,2.1,71.0,True,2022-01-27,25,7,Multan,9,Pending
1379,Student_378,21,Male,Math,3,3.45,70.0,False,2022-02-01,11,24,Faisalabad,4,Pending
1380,Student_379,20,Male,CS,4,3.55,82.0,True,2022-08-24,7,31,Multan,6,Installment
1381,Student_380,20,Male,Math,1,2.71,87.0,False,2020-03-21,4,25,Multan,6,Pending
1382,Student_381,23,Female,EE,1,3.65,64.0,False,2021-07-04,9,21,Faisalabad,10,Full
1383,Student_382,24,Male,EE,8,3.03,95.0,False,2021-07-01,27,30,Islamabad,11,Pending
1384,Student_383,23,Male,Math,8,2.93,64.0,False,2021-02-27,20,42,Karachi,10,Full
1385,Student_384,23,Female,Physics,6,2.09,95.0,True,2021-03-04,4,9,Karachi,1,Pending
1386,Student_385,23,Male,Physics,2,2.58,74.0,False,2021-01-22,16,11,Lahore,8,Pending
1387,Student_386,23,Other,EE,6,3.86,70.0,False,2022-09-24,25,27,Lahore,3,Full
1388,Student_387,23,Other,BBA,7,2.78,73.0,False,2022-07-09,4,5,Lahore,6,Full
1389,Student_388,22,Male,Physics,6,3.09,54.0,False,2021-12-09,21,19,Karachi,3,Full
1390,Student_389,20,Female,Math,8,,55.0,False,2021-10-31,14,4,Islamabad,11,Full
1391,Student_390,23,Other,Physics,1,3.18,98.0,False,2020-07-22,12,22,Karachi,2,Installment
1392,Student_391,20,Female,Math,3,2.12,92.0,False,2020-07-14,27,8,Karachi,5,
1393,Student_392,20,Female,EE,6,,97.0,False,2021-12-28,0,28,Karachi,1,Pending
1394,Student_393,19,Other,Physics,3,3.45,93.0,False,2020-10-11,10,15,Karachi,9,Pending
1395,Student_394,22,Female,Math,3,2.4,96.0,False,2022-08-26,22,45,Islamabad,11,Installment
1396,Student_395,23,Other,EE,2,2.41,72.0,False,2020-07-14,0,21,Lahore,7,Full
1397,Student_396,18,Female,BBA,3,2.02,53.0,False,2020-11-02,10,7,Multan,3,Pending
1398,Student_397,21,Other,Math,1,2.87,76.0,False,2021-10-25,17,19,Lahore,4,Installment
1399,Student_398,24,Male,BBA,4,3.77,67.0,False,2020-01-14,17,50,Lahore,6,Pending
1400,Student_399,18,Other,BBA,4,2.1,70.0,True,2022-04-16,20,13,Multan,3,
1401,Student_400,22,Other,CS,5,2.38,77.0,False,2020-05-25,29,38,Karachi,7,Installment
1402,Student_401,21,Other,Physics,7,2.62,84.0,False,2022-07-26,25,36,Islamabad,6,Full
1403,Student_402,22,Other,Math,6,3.46,71.0,True,2020-02-26,15,49,Islamabad,9,Installment
1404,Student_403,20,Female,BBA,7,3.28,89.0,False,2021-12-23,12,33,Lahore,5,Pending
1405,Student_404,21,Male,CS,1,2.83,72.0,False,2022-02-18,6,10,Multan,4,Pending
1406,Student_405,20,Other,EE,3,3.52,52.0,True,2020-07-28,0,39,Faisalabad,3,Full
1407,Student_406,18,Female,Math,4,3.22,89.0,True,2021-06-12,25,32,Karachi,10,Full
1408,Student_407,18,Male,BBA,7,3.79,,True,2022-03-08,15,30,Lahore,1,Installment
1409,Student_408,21,Male,Physics,1,3.64,59.0,False,2020-12-09,0,43,Islamabad,3,Full
1410,Student_409,21,Male,CS,4,2.51,74.0,True,2021-12-15,16,33,Multan,3,Pending
1411,Student_410,23,Male,BBA,3,2.54,98.0,False,2021-09-02,5,49,Multan,7,Pending
1412,Student_411,22,Other,Physics,7,2.25,57.0,False,2020-10-05,1,6,Lahore,7,Full
1413,Student_412,23,Other,BBA,4,2.67,,False,2020-07-27,16,48,Faisalabad,1,Full
1414,Student_413,22,Female,Math,6,4.0,54.0,False,2021-10-02,5,22,Islamabad,3,Full
1415,Student_414,23,Female,Math,8,2.81,94.0,True,2020-11-30,13,45,Lahore,8,Installment
1416,Student_415,20,Female,Math,6,2.44,86.0,False,2020-10-14,17,6,Faisalabad,9,Installment
1417,Student_416,21,Male,CS,5,3.52,94.0,False,2020-09-08,5,24,Multan,7,Pending
1418,Student_417,18,Male,Math,5,3.08,87.0,False,2020-09-21,9,2,Karachi,7,Installment
1419,Student_418,22,Other,Physics,4,2.3,78.0,False,2020-09-27,23,37,Islamabad,11,Installment
1420,Student_419,22,Male,BBA,8,2.76,54.0,False,2022-07-12,17,19,Islamabad,8,Installment
1421,Student_420,18,Male,EE,1,2.83,58.0,True,2022-07-08,26,33,Faisalabad,6,Installment
1422,Student_421,23,Male,Physics,6,3.51,97.0,False,2021-11-30,8,48,Lahore,11,Pending
1423,Student_422,22,Female,Physics,1,2.04,51.0,False,2021-02-22,7,43,Multan,3,Full
1424,Student_423,24,Female,Math,8,2.54,50.0,False,2021-12-26,27,43,Faisalabad,1,Pending
1425,Student_424,20,Other,CS,1,3.04,89.0,True,2022-03-05,9,29,Karachi,7,Installment
1426,Student_425,21,Male,BBA,8,2.54,79.0,True,2020-07-29,16,16,Karachi,1,Full
1427,Student_426,18,Male,CS,4,3.26,60.0,False,2020-12-30,22,9,Karachi,1,Full
1428,Student_427,21,Other,BBA,1,2.96,77.0,True,2020-03-16,29,34,Faisalabad,9,Full
1429,Student_428,24,Male,BBA,6,2.72,93.0,True,2021-10-21,28,19,Multan,10,Pending
1430,Student_429,22,Male,CS,3,3.9,61.0,False,2020-11-16,25,17,Islamabad,7,Full
1431,Student_430,22,Female,Physics,5,3.26,88.0,False,2021-12-25,5,44,Lahore,11,Pending
1432,Student_431,24,Other,BBA,3,2.26,75.0,False,2021-03-08,13,43,Islamabad,4,Pending
1433,Student_432,18,Other,CS,1,3.12,62.0,False,2020-04-18,21,26,Multan,6,Installment
1434,Student_433,20,Other,BBA,3,3.56,57.0,False,2021-10-02,21,48,Islamabad,1,Installment
1435,Student_434,19,Other,EE,6,3.42,77.0,True,2021-06-05,5,35,Faisalabad,7,Full
1436,Student_435,18,Female,Physics,6,2.34,79.0,False,2020-02-16,25,22,Karachi,6,Full
1437,Student_436,19,Female,Math,1,,58.0,False,2021-01-13,6,31,Multan,4,Installment
1438,Student_437,24,Male,BBA,4,2.9,88.0,False,2022-04-06,11,9,Multan,7,Pending
1439,Student_438,23,Male,EE,3,2.32,80.0,False,2020-04-05,2,10,Islamabad,3,Pending
1440,Student_439,19,Male,Math,4,,70.0,True,2022-08-15,13,37,Faisalabad,1,
1441,Student_440,20,Male,Math,4,2.2,96.0,False,2020-04-12,21,5,Islamabad,4,Pending
1442,Student_441,23,Female,BBA,8,3.61,83.0,False,2022-06-10,18,40,Islamabad,3,Installment
1443,Student_442,19,Other,CS,2,2.24,80.0,False,2022-05-03,22,46,Multan,1,Installment
1444,Student_443,24,Female,BBA,1,2.25,74.0,False,2020-05-25,15,33,Islamabad,2,Full
1445,Student_444,23,Male,EE,5,3.7,61.0,False,2022-05-29,6,35,Karachi,11,Full
1446,Student_445,24,Female,Math,6,2.69,50.0,False,2022-07-30,7,36,Islamabad,5,Installment
1447,Student_446,19,Other,BBA,6,2.06,71.0,False,2022-07-16,17,16,Karachi,8,Full
1448,Student_447,24,Other,CS,1,,89.0,True,2020-01-27,24,39,Multan,1,Installment
1449,Student_448,20,Female,BBA,8,,86.0,False,2022-01-01,12,39,Faisalabad,4,Pending
1450,Student_449,19,Female,Physics,7,2.43,96.0,False,2021-06-13,20,11,Karachi,4,Pending
1451,Student_450,19,Female,CS,7,3.33,50.0,True,2021-11-09,8,20,Faisalabad,5,Pending
1452,Student_451,19,Male,EE,7,2.31,50.0,False,2022-08-02,9,39,Faisalabad,7,Pending
1453,Student_452,18,Female,Math,8,2.24,91.0,False,2022-09-15,20,18,Karachi,8,Installment
1454,Student_453,18,Female,BBA,5,3.53,91.0,False,2020-03-22,22,2,Multan,6,Pending
1455,Student_454,18,Female,CS,6,,70.0,False,2021-03-03,26,17,Lahore,1,Pending
1456,Student_455,20,Other,Physics,1,2.87,64.0,True,2021-08-06,8,50,Faisalabad,7,Pending
1457,Student_456,23,Other,CS,8,3.1,66.0,False,2022-04-01,14,18,Faisalabad,3,Pending
1458,Student_457,24,Male,Physics,6,2.62,71.0,False,2021-04-23,19,46,Multan,6,Installment
1459,Student_458,22,Male,EE,4,2.97,87.0,False,2022-02-04,1,5,Multan,8,Pending
1460,Student_459,19,Other,Math,3,3.01,84.0,False,2020-06-10,24,15,Islamabad,7,Full
1461,Student_460,24,Other,EE,3,,94.0,False,2022-04-18,12,7,Multan,10,Full
1462,Student_461,19,Other,BBA,8,3.81,65.0,False,2022-07-20,1,47,Faisalabad,6,Full
1463,Student_462,20,Female,CS,6,2.03,57.0,False,2021-02-05,18,17,Karachi,9,Full
1464,Student_463,19,Female,Physics,2,3.56,96.0,False,2021-05-22,25,47,Lahore,9,Full
1465,Student_464,18,Other,Physics,5,2.25,66.0,True,2020-02-07,1,42,Islamabad,1,Full
1466,Student_465,22,Female,CS,7,3.6,66.0,False,2022-08-12,2,38,Karachi,1,Installment
1467,Student_466,21,Female,CS,5,3.23,75.0,False,2021-05-25,5,48,Lahore,1,Full
1468,Student_467,19,Male,BBA,5,3.69,62.0,True,2021-01-27,2,48,Lahore,8,Pending
1469,Student_468,24,Other,EE,8,2.2,66.0,False,2021-12-13,30,11,Lahore,10,Full
1470,Student_469,18,Other,Physics,4,3.12,87.0,False,2021-05-08,9,44,Karachi,7,Installment
1471,Student_470,21,Female,BBA,5,3.0,66.0,False,2020-07-18,23,9,Islamabad,3,Full
1472,Student_471,22,Other,EE,3,3.41,97.0,False,2020-09-11,26,6,Islamabad,2,Pending
1473,Student_472,21,Male,BBA,4,3.07,63.0,True,2020-06-27,5,45,Lahore,4,Pending
1474,Student_473,18,Male,Physics,1,3.08,94.0,True,2021-06-30,22,0,Karachi,3,Installment
1475,Student_474,23,Male,CS,5,2.86,,True,2021-08-16,15,48,Lahore,7,Installment
1476,Student_475,23,Other,CS,5,2.62,84.0,False,2021-01-23,16,35,Multan,10,Installment
1477,Student_476,21,Other,EE,1,2.96,,True,2021-02-01,18,20,Islamabad,8,Installment
1478,Student_477,20,Other,Math,5,2.24,63.0,False,2022-01-01,2,36,Faisalabad,6,Full
1479,Student_478,24,Other,EE,1,3.92,96.0,False,2020-06-06,17,23,Lahore,3,Full
1480,Student_479,24,Other,Math,4,3.43,57.0,False,2020-01-04,6,24,Multan,6,Pending
1481,Student_480,21,Male,BBA,3,3.9,64.0,False,2020-06-15,8,6,Islamabad,2,Installment
1482,Student_481,19,Female,BBA,1,,76.0,False,2021-04-12,19,41,Karachi,7,Installment
1483,Student_482,19,Male,Physics,2,3.76,62.0,False,2022-08-17,11,16,Islamabad,11,Full
1484,Student_483,24,Other,Math,8,3.62,98.0,False,2021-02-12,4,28,Karachi,10,Installment
1485,Student_484,24,Male,Physics,8,3.35,80.0,False,2021-02-15,2,29,Karachi,7,Pending
1486,Student_485,23,Other,CS,1,3.25,84.0,False,2020-07-22,10,6,Lahore,4,Pending
1487,Student_486,20,Other,Math,8,2.63,55.0,True,2020-07-12,24,32,Lahore,8,Installment
1488,Student_487,18,Male,EE,5,3.63,54.0,False,2020-08-22,29,6,Islamabad,4,Pending
1489,Student_488,19,Other,CS,7,3.0,71.0,False,2021-12-18,3,23,Multan,7,Pending
1490,Student_489,24,Female,CS,7,2.14,98.0,False,2020-05-29,4,10,Islamabad,4,Full
1491,Student_490,23,Other,EE,8,2.63,72.0,False,2020-06-07,0,8,Faisalabad,5,Pending
1492,Student_491,22,Female,CS,4,3.87,74.0,False,2020-10-05,26,11,Karachi,7,Installment
1493,Student_492,23,Female,Math,6,3.7,83.0,False,2022-03-26,27,34,Karachi,10,Installment
1494,Student_493,19,Other,Physics,4,3.96,75.0,False,2021-02-07,30,3,Lahore,3,Pending
1495,Student_494,19,Male,CS,6,3.26,96.0,True,2022-06-11,28,35,Multan,10,Installment
1496,Student_495,23,Female,Math,7,2.5,54.0,True,2021-11-08,17,27,Lahore,5,Full
1497,Student_496,18,Male,BBA,7,2.33,75.0,False,2020-11-06,11,12,Faisalabad,11,Pending
1498,Student_497,21,Female,Math,1,2.37,69.0,False,2020-03-08,12,22,Islamabad,3,Pending
1499,Student_498,19,Other,Physics,3,,,False,2021-04-07,8,18,Islamabad,5,Pending
1500,Student_499,23,Other,Math,2,2.78,55.0,False,2020-03-28,1,41,Multan,3,Installment
1501,Student_500,24,Female,EE,4,2.38,99.0,False,2020-08-04,4,36,Lahore,11,Installment
1502,Student_501,23,Other,Physics,5,2.82,67.0,False,2020-01-01,12,38,Lahore,10,Pending
1503,Student_502,20,Female,BBA,6,3.87,53.0,False,2020-05-14,15,23,Faisalabad,11,Installment
1504,Student_503,21,Other,EE,8,2.86,66.0,False,2021-11-27,15,15,Islamabad,7,Installment
1505,Student_504,22,Male,Math,5,3.76,63.0,False,2020-12-16,23,32,Lahore,1,Pending
1506,Student_505,18,Other,Physics,3,3.21,63.0,False,2020-05-19,2,11,Multan,9,Pending
1507,Student_506,22,Male,BBA,6,2.49,62.0,False,2021-09-09,21,33,Islamabad,9,Installment
1508,Student_507,21,Other,EE,4,2.71,56.0,False,2020-05-12,3,6,Faisalabad,5,Pending
1509,Student_508,21,Male,BBA,1,2.17,93.0,False,2021-09-11,10,10,Multan,9,Pending
1510,Student_509,21,Other,Math,5,2.67,64.0,False,2020-06-26,22,30,Karachi,10,Pending
1511,Student_510,22,Male,BBA,3,3.36,68.0,False,2022-03-20,25,28,Faisalabad,6,Pending
1512,Student_511,24,Female,CS,4,2.14,92.0,True,2020-12-23,13,12,Multan,5,Installment
1513,Student_512,21,Female,EE,7,2.41,96.0,False,2021-01-14,28,30,Lahore,3,Pending
1514,Student_513,23,Male,BBA,7,2.76,93.0,True,2022-06-26,2,1,Karachi,11,Full
1515,Student_514,22,Other,Math,4,3.96,84.0,False,2022-05-20,15,38,Faisalabad,11,Pending
1516,Student_515,21,Male,Math,4,3.57,66.0,False,2021-10-19,21,14,Lahore,8,Full
1517,Student_516,23,Other,BBA,4,3.47,84.0,False,2021-03-25,14,10,Karachi,4,Pending
1518,Student_517,24,Female,Math,6,2.23,68.0,True,2021-08-08,27,33,Islamabad,10,Full
1519,Student_518,20,Other,Physics,4,3.56,69.0,False,2021-04-07,30,38,Lahore,3,Full
1520,Student_519,24,Female,Physics,5,3.57,85.0,False,2022-09-16,9,3,Multan,6,Pending
1521,Student_520,21,Other,Physics,3,3.2,84.0,False,2020-04-17,8,10,Faisalabad,8,Pending
1522,Student_521,22,Other,CS,6,3.98,81.0,False,2020-05-01,10,28,Karachi,9,Pending
1523,Student_522,19,Other,BBA,4,2.65,,False,2020-01-17,15,1,Lahore,6,Full
1524,Student_523,21,Male,CS,2,3.88,93.0,False,2020-07-14,9,15,Islamabad,5,Installment
1525,Student_524,19,Male,Math,8,3.83,,True,2020-11-22,16,38,Faisalabad,11,Installment
1526,Student_525,23,Female,CS,2,2.02,73.0,False,2020-11-13,18,12,Faisalabad,2,Pending
1527,Student_526,20,Female,Math,3,2.9,,False,2022-03-19,1,36,Lahore,2,Installment
1528,Student_527,18,Male,Math,7,3.95,56.0,False,2021-04-23,23,16,Islamabad,9,Installment
1529,Student_528,24,Female,EE,1,2.21,92.0,False,2020-09-08,22,20,Karachi,2,Pending
1530,Student_529,20,Male,Physics,1,3.1,99.0,False,2021-05-17,1,43,Lahore,2,Full
1531,Student_530,21,Other,Math,8,3.96,50.0,True,2022-09-25,5,18,Karachi,3,Pending
1532,Student_531,19,Female,EE,7,3.11,84.0,False,2020-04-28,30,6,Faisalabad,3,Installment
1533,Student_532,24,Female,Physics,6,2.38,81.0,False,2021-11-04,18,37,Karachi,4,Full
1534,Student_533,19,Male,Math,6,3.16,85.0,True,2021-12-10,7,7,Islamabad,7,Installment
1535,Student_534,22,Female,Math,6,2.41,62.0,True,2021-05-12,25,12,Multan,9,Full
1536,Student_535,19,Female,CS,1,3.04,55.0,False,2021-04-30,28,36,Islamabad,2,Installment
1537,Student_536,22,Other,CS,2,2.15,63.0,True,2020-02-14,2,1,Karachi,4,Pending
1538,Student_537,23,Female,Physics,1,3.21,86.0,True,2020-11-09,25,40,Lahore,9,Installment
1539,Student_538,24,Other,Math,5,3.03,97.0,False,2020-06-27,13,10,Faisalabad,2,Installment
1540,Student_539,24,Male,BBA,4,3.48,64.0,True,2022-06-12,24,23,Multan,10,Full
1541,Student_540,18,Female,CS,6,3.26,96.0,False,2021-02-21,15,5,Lahore,11,Installment
1542,Student_541,21,Other,Physics,2,3.1,53.0,False,2021-07-09,0,25,Lahore,1,Pending
1543,Student_542,22,Male,Math,3,3.38,89.0,False,2022-02-21,20,6,Islamabad,10,Pending
1544,Student_543,18,Female,Math,8,2.29,65.0,False,2020-03-18,2,38,Karachi,8,Pending
1545,Student_544,19,Male,BBA,3,3.19,77.0,False,2020-11-21,21,18,Islamabad,9,Full
1546,Student_545,19,Female,Physics,4,2.34,65.0,False,2021-11-20,25,5,Karachi,7,Full
1547,Student_546,18,Male,Math,2,3.85,53.0,False,2020-12-22,17,42,Islamabad,8,Installment
1548,Student_547,24,Male,CS,1,2.14,94.0,False,2021-02-19,8,28,Lahore,4,Installment
1549,Student_548,19,Other,BBA,1,2.86,75.0,False,2022-08-20,5,42,Faisalabad,4,Installment
1550,Student_549,23,Male,Physics,5,3.39,77.0,False,2021-05-29,22,38,Karachi,2,Full
1551,Student_550,23,Female,BBA,5,2.92,81.0,False,2020-08-01,20,1,Multan,8,Full
1552,Student_551,18,Female,CS,1,2.18,94.0,True,2022-05-03,24,18,Multan,11,Installment
1553,Student_552,22,Other,Physics,3,3.11,51.0,False,2020-03-14,0,3,Lahore,2,Full
1554,Student_553,22,Female,BBA,8,3.28,80.0,True,2021-07-16,20,5,Islamabad,9,Full
1555,Student_554,18,Female,EE,6,3.41,52.0,False,2021-08-01,26,48,Islamabad,4,Pending
1556,Student_555,22,Female,CS,3,2.75,57.0,False,2021-05-23,9,36,Lahore,1,Pending
1557,Student_556,24,Male,CS,8,3.13,73.0,False,2020-11-27,26,27,Multan,4,Installment
1558,Student_557,24,Male,CS,5,2.9,64.0,False,2020-04-02,5,29,Multan,3,Installment
1559,Student_558,22,Female,EE,4,3.34,92.0,False,2021-11-18,22,6,Islamabad,6,Pending
1560,Student_559,23,Other,EE,8,3.17,80.0,False,2021-10-18,11,8,Karachi,7,Full
1561,Student_560,22,Male,Math,1,3.05,58.0,True,2021-06-02,3,24,Faisalabad,8,Installment
1562,Student_561,24,Other,BBA,5,2.5,88.0,False,2020-09-25,27,32,Karachi,2,Installment
1563,Student_562,20,Female,Math,5,2.0,94.0,False,2021-01-10,12,0,Multan,6,Installment
1564,Student_563,21,Female,BBA,6,2.35,51.0,False,2022-04-13,16,50,Karachi,6,Full
1565,Student_564,19,Male,EE,1,2.23,57.0,False,2020-01-04,30,5,Faisalabad,10,Pending
1566,Student_565,20,Female,EE,6,2.9,56.0,True,2020-05-17,26,17,Karachi,5,Installment
1567,Student_566,22,Male,Math,1,3.22,93.0,False,2020-08-18,7,9,Karachi,10,Pending
1568,Student_567,23,Female,Physics,6,2.43,88.0,False,2021-08-22,25,27,Karachi,10,Pending
1569,Student_568,18,Female,Math,8,3.88,91.0,False,2021-06-12,19,10,Karachi,7,Full
1570,Student_569,22,Male,BBA,3,,65.0,False,2020-02-21,2,32,Lahore,3,Full
1571,Student_570,23,Male,Math,4,3.54,84.0,False,2021-10-07,11,0,Multan,4,Full
1572,Student_571,21,Male,CS,4,3.25,79.0,False,2021-12-23,6,12,Faisalabad,10,Full
1573,Student_572,22,Female,BBA,1,,59.0,False,2020-11-20,11,36,Multan,9,Full
1574,Student_573,24,Female,BBA,2,2.1,87.0,False,2022-09-18,1,19,Lahore,4,Full
1575,Student_574,18,Other,Physics,7,3.25,67.0,False,2022-08-27,23,0,Lahore,3,Installment
1576,Student_575,23,Male,EE,5,2.77,99.0,False,2022-06-23,13,2,Lahore,2,Pending
1577,Student_576,23,Female,BBA,5,3.87,54.0,False,2021-12-31,21,17,Lahore,5,Full
1578,Student_577,23,Female,EE,1,,78.0,False,2021-12-17,22,40,Karachi,4,Installment
1579,Student_578,21,Male,Math,8,3.88,88.0,True,2021-12-23,29,13,Multan,8,Pending
1580,Student_579,22,Other,CS,6,2.44,83.0,False,2020-10-03,4,30,Islamabad,7,Full
1581,Student_580,21,Male,Physics,2,3.45,92.0,False,2021-06-19,8,26,Faisalabad,6,Full
1582,Student_581,19,Other,EE,3,3.23,94.0,False,2021-04-30,20,16,Lahore,11,Installment
1583,Student_582,19,Female,BBA,6,3.48,72.0,False,2021-05-30,10,45,Multan,2,Pending
1584,Student_583,22,Other,EE,6,2.43,54.0,False,2020-05-31,4,28,Lahore,3,Full
1585,Student_584,24,Female,BBA,1,3.33,79.0,True,2022-08-12,2,35,Lahore,10,Pending
1586,Student_585,21,Male,EE,1,3.0,55.0,False,2021-04-27,26,36,Lahore,9,Installment
1587,Student_586,18,Male,BBA,8,3.49,95.0,False,2020-09-15,16,25,Lahore,9,Full
1588,Student_587,23,Male,Math,5,2.65,93.0,False,2020-11-19,1,16,Lahore,5,Pending
1589,Student_588,23,Other,BBA,1,3.78,53.0,False,2022-05-18,23,21,Faisalabad,3,Installment
1590,Student_589,22,Female,BBA,1,2.17,78.0,True,2020-06-16,30,24,Multan,2,Installment
1591,Student_590,24,Male,CS,1,3.61,72.0,False,2021-11-18,0,1,Lahore,8,Full
1592,Student_591,19,Male,BBA,8,3.72,55.0,False,2020-11-05,6,21,Lahore,6,Pending
1593,Student_592,19,Female,CS,5,3.63,81.0,False,2022-03-13,29,4,Lahore,10,Full
1594,Student_593,23,Male,Physics,3,3.03,91.0,False,2021-04-23,13,3,Lahore,11,Full
1595,Student_594,22,Female,CS,3,2.88,67.0,False,2020-02-25,4,35,Karachi,7,Pending
1596,Student_595,21,Female,Math,7,3.99,64.0,False,2021-09-11,18,5,Karachi,1,Pending
1597,Student_596,19,Female,CS,7,2.46,89.0,False,2021-04-17,27,20,Islamabad,1,Pending
1598,Student_597,21,Female,Physics,1,3.09,81.0,True,2020-10-22,27,12,Lahore,10,Installment
1599,Student_598,24,Female,Math,7,3.34,58.0,False,2021-04-05,30,36,Islamabad,2,Installment
1600,Student_599,19,Other,EE,5,3.4,86.0,True,2020-11-19,10,24,Faisalabad,10,Pending
1601,Student_600,19,Male,EE,8,2.41,59.0,False,2022-03-24,22,25,Islamabad,3,Installment
1602,Student_601,20,Other,CS,3,3.31,69.0,False,2022-04-25,24,38,Multan,1,Full
1603,Student_602,19,Male,CS,6,3.64,,False,2020-05-20,1,19,Karachi,5,Pending
1604,Student_603,18,Other,Physics,3,2.1,97.0,False,2021-10-28,7,32,Karachi,3,Full
1605,Student_604,22,Female,Physics,3,3.82,52.0,False,2020-09-18,8,13,Lahore,1,Pending
1606,Student_605,22,Male,BBA,5,2.06,91.0,False,2022-02-23,26,35,Lahore,8,Full
1607,Student_606,21,Male,Physics,7,2.71,60.0,False,2021-02-23,2,16,Faisalabad,11,Pending
1608,Student_607,24,Other,BBA,6,2.03,92.0,False,2022-01-13,1,20,Faisalabad,6,Full
1609,Student_608,19,Other,Math,5,2.15,66.0,False,2020-08-28,6,45,Multan,9,Pending
1610,Student_609,18,Male,CS,1,3.82,81.0,False,2020-12-20,4,15,Lahore,3,Pending
1611,Student_610,21,Other,Math,8,2.71,53.0,False,2022-04-28,20,45,Lahore,9,Installment
1612,Student_611,20,Other,Physics,4,2.85,53.0,False,2022-02-08,25,15,Faisalabad,9,Full
1613,Student_612,21,Other,Math,3,2.43,66.0,False,2022-01-30,4,19,Faisalabad,1,Installment
1614,Student_613,21,Female,Math,4,3.19,90.0,True,2021-08-11,19,28,Faisalabad,3,Full
1615,Student_614,19,Female,Math,8,3.19,68.0,True,2020-06-28,12,27,Karachi,6,Installment
1616,Student_615,20,Other,Physics,8,2.74,54.0,False,2020-03-06,20,7,Islamabad,8,Pending
1617,Student_616,21,Other,Math,5,2.67,81.0,True,2022-03-30,28,23,Islamabad,4,Installment
1618,Student_617,18,Female,BBA,5,3.77,71.0,False,2020-12-13,19,2,Lahore,5,Installment
1619,Student_618,18,Female,Physics,5,2.77,55.0,False,2020-06-19,30,24,Karachi,9,Pending
1620,Student_619,22,Male,Math,4,2.99,84.0,True,2021-04-18,28,18,Faisalabad,6,Installment
1621,Student_620,20,Male,Physics,5,2.57,71.0,False,2021-06-17,5,32,Lahore,7,Pending
1622,Student_621,20,Female,EE,8,3.57,50.0,True,2021-01-01,19,1,Karachi,7,Full
1623,Student_622,22,Other,BBA,1,2.79,69.0,False,2020-04-16,17,14,Multan,4,Installment
1624,Student_623,21,Other,Math,5,3.03,71.0,True,2021-03-14,24,21,Karachi,4,Pending
1625,Student_624,20,Other,EE,2,2.51,97.0,False,2022-04-14,1,9,Lahore,4,Pending
1626,Student_625,18,Other,EE,7,,60.0,False,2020-08-14,24,17,Islamabad,11,Installment
1627,Student_626,18,Male,Physics,4,2.58,,False,2021-03-19,25,21,Faisalabad,5,Full
1628,Student_627,19,Female,EE,2,3.54,91.0,False,2021-03-17,5,45,Multan,5,Installment
1629,Student_628,20,Other,BBA,5,2.85,52.0,False,2021-01-30,8,48,Karachi,8,Pending
1630,Student_629,21,Male,BBA,8,2.41,58.0,False,2021-12-28,24,26,Lahore,9,Full
1631,Student_630,22,Other,CS,1,3.6,61.0,False,2021-08-03,2,12,Lahore,2,Installment
1632,Student_631,22,Female,BBA,3,2.67,72.0,False,2020-03-24,0,32,Faisalabad,11,Pending
1633,Student_632,21,Male,EE,6,3.73,63.0,False,2021-09-06,0,4,Lahore,7,Installment
1634,Student_633,24,Female,BBA,7,3.83,82.0,False,2021-07-04,18,25,Lahore,1,Full
1635,Student_634,23,Female,Physics,6,3.72,67.0,False,2020-01-13,4,12,Faisalabad,1,Full
1636,Student_635,19,Male,CS,5,2.07,98.0,False,2022-03-19,12,26,Multan,4,Full
1637,Student_636,22,Male,EE,7,3.57,90.0,False,2022-04-04,18,13,Islamabad,10,Full
1638,Student_637,20,Male,CS,7,2.82,58.0,False,2021-11-23,11,23,Islamabad,7,Full
1639,Student_638,19,Male,EE,1,3.75,72.0,False,2021-05-07,15,2,Karachi,2,Installment
1640,Student_639,20,Male,Physics,7,3.28,59.0,False,2020-09-24,24,46,Multan,11,Full
1641,Student_640,24,Male,CS,4,3.67,68.0,False,2021-06-08,24,50,Karachi,2,Full
1642,Student_641,18,Male,Math,2,,96.0,False,2020-04-29,18,48,Islamabad,1,Pending
1643,Student_642,19,Other,EE,2,3.07,54.0,True,2022-08-27,2,29,Faisalabad,10,Full
1644,Student_643,22,Female,Math,2,2.29,96.0,False,2020-12-18,11,34,Lahore,2,Pending
1645,Student_644,19,Male,CS,4,3.57,,True,2020-02-26,29,47,Islamabad,7,Pending
1646,Student_645,19,Other,Math,6,2.84,79.0,False,2020-02-09,4,13,Multan,9,Pending
1647,Student_646,19,Other,Math,1,3.0,74.0,True,2022-06-04,1,11,Islamabad,6,Installment
1648,Student_647,23,Other,CS,7,3.57,77.0,True,2020-12-01,21,27,Multan,10,Installment
1649,Student_648,19,Female,Physics,4,3.2,83.0,False,2021-10-01,6,43,Multan,2,Pending
1650,Student_649,20,Male,Math,2,2.4,,False,2020-06-21,12,28,Multan,10,Installment
1651,Student_650,18,Other,Math,5,3.18,97.0,True,2021-06-30,24,42,Karachi,10,Full
1652,Student_651,24,Female,Physics,3,2.82,96.0,False,2020-09-15,14,16,Faisalabad,9,Installment
1653,Student_652,21,Female,Math,7,2.94,74.0,False,2022-06-06,21,39,Islamabad,7,Full
1654,Student_653,19,Female,Math,4,2.06,59.0,False,2021-05-31,2,48,Faisalabad,11,Full
1655,Student_654,22,Other,Math,8,2.42,63.0,True,2021-12-30,27,20,Lahore,1,Installment
1656,Student_655,19,Male,BBA,4,2.56,91.0,False,2021-06-06,20,22,Islamabad,9,Installment
1657,Student_656,22,Other,Physics,1,,95.0,False,2022-06-12,19,19,Faisalabad,2,Pending
1658,Student_657,20,Other,Math,1,2.02,79.0,True,2022-04-18,30,10,Faisalabad,4,Installment
1659,Student_658,22,Male,Physics,4,2.82,90.0,False,2020-04-26,4,33,Lahore,9,Installment
1660,Student_659,21,Male,EE,2,3.85,74.0,False,2020-07-02,23,9,Multan,4,Installment
1661,Student_660,18,Male,EE,3,2.22,63.0,False,2022-06-24,7,9,Islamabad,3,Full
1662,Student_661,22,Female,Math,7,3.03,84.0,False,2022-05-23,21,42,Islamabad,1,Full
1663,Student_662,22,Male,Physics,1,3.57,97.0,False,2020-04-25,0,5,Lahore,7,Full
1664,Student_663,18,Other,Physics,7,3.89,83.0,False,2020-06-10,7,35,Multan,6,Pending
1665,Student_664,21,Male,Physics,2,3.49,59.0,False,2021-08-01,23,23,Islamabad,10,Pending
1666,Student_665,19,Other,BBA,7,3.44,84.0,False,2021-12-12,17,11,Islamabad,4,Pending
1667,Student_666,22,Female,EE,5,3.65,60.0,False,2021-06-26,19,42,Islamabad,6,Full
1668,Student_667,18,Other,Physics,1,,60.0,False,2021-08-09,27,22,Multan,6,Installment
1669,Student_668,20,Other,Physics,2,3.61,70.0,True,2020-08-24,15,26,Lahore,4,Pending
1670,Student_669,18,Male,BBA,2,2.02,70.0,False,2022-04-18,17,44,Islamabad,6,Pending
1671,Student_670,20,Male,BBA,3,3.85,71.0,False,2020-03-06,19,36,Faisalabad,10,Full
1672,Student_671,21,Other,Physics,3,2.89,94.0,False,2020-03-10,11,5,Multan,11,Pending
1673,Student_672,19,Male,CS,5,3.11,56.0,False,2022-03-19,12,0,Karachi,8,Installment
1674,Student_673,18,Female,Physics,2,2.51,,False,2021-03-22,12,5,Lahore,3,Full
1675,Student_674,24,Female,Physics,6,3.49,51.0,True,2021-02-19,9,49,Faisalabad,4,Full
1676,Student_675,24,Male,BBA,2,2.15,61.0,False,2021-06-15,6,21,Islamabad,10,Installment
1677,Student_676,23,Female,BBA,3,3.75,91.0,False,2021-03-16,24,40,Karachi,1,Installment
1678,Student_677,22,Male,Physics,6,3.66,67.0,False,2022-01-07,13,23,Lahore,4,Installment
1679,Student_678,21,Other,Physics,1,2.43,60.0,True,2022-08-03,29,24,Multan,11,Pending
1680,Student_679,18,Other,Physics,1,3.62,65.0,False,2021-04-08,23,14,Karachi,10,Installment
1681,Student_680,24,Female,BBA,7,3.57,98.0,False,2022-07-09,15,25,Karachi,10,Full
1682,Student_681,22,Male,Physics,4,3.26,67.0,False,2021-01-30,14,7,Faisalabad,9,Installment
1683,Student_682,24,Male,Physics,3,2.75,84.0,False,2021-12-11,11,50,Lahore,8,Full
1684,Student_683,18,Female,Math,4,2.54,75.0,False,2021-07-04,8,23,Faisalabad,11,Full
1685,Student_684,20,Other,CS,6,2.46,65.0,False,2021-10-18,7,47,Faisalabad,4,Pending
1686,Student_685,18,Female,EE,3,2.64,55.0,False,2021-07-10,17,37,Islamabad,7,Installment
1687,Student_686,23,Other,CS,5,3.81,93.0,True,2021-01-29,22,5,Multan,10,Pending
1688,Student_687,18,Male,Math,2,2.16,92.0,False,2020-11-21,17,34,Karachi,3,Installment
1689,Student_688,18,Other,EE,5,3.66,96.0,False,2022-06-11,12,41,Lahore,9,Installment
1690,Student_689,23,Female,Physics,6,2.7,96.0,False,2022-07-07,27,0,Multan,10,Installment
1691,Student_690,21,Male,Math,3,3.04,97.0,False,2020-03-31,26,45,Multan,4,Installment
1692,Student_691,18,Female,Physics,8,3.59,91.0,False,2022-01-19,17,35,Lahore,2,Installment
1693,Student_692,23,Female,BBA,6,3.77,61.0,False,2020-03-10,14,11,Multan,10,Full
1694,Student_693,22,Other,Math,8,2.69,62.0,False,2020-06-14,3,37,Islamabad,5,Full
1695,Student_694,20,Female,BBA,2,2.92,53.0,False,2021-10-03,16,10,Multan,2,Installment
1696,Student_695,20,Other,Math,1,2.83,88.0,False,2020-08-01,30,11,Islamabad,10,Full
1697,Student_696,18,Male,Math,1,2.03,51.0,False,2022-05-01,4,41,Karachi,6,Pending
1698,Student_697,21,Other,BBA,6,2.59,75.0,False,2021-08-23,21,49,Karachi,11,Pending
1699,Student_698,21,Male,EE,4,2.92,76.0,False,2020-11-30,15,38,Faisalabad,10,Pending
1700,Student_699,22,Other,CS,3,2.82,76.0,False,2022-02-02,8,6,Islamabad,1,Installment
1701,Student_700,18,Female,Physics,3,3.44,64.0,False,2021-01-03,9,10,Karachi,6,Installment
1702,Student_701,20,Other,Math,1,2.77,57.0,False,2022-05-10,23,35,Multan,4,Full
1703,Student_702,21,Other,Physics,7,2.98,56.0,False,2021-08-06,17,30,Lahore,3,Full
1704,Student_703,18,Male,BBA,5,2.86,96.0,False,2021-11-07,16,32,Lahore,2,Full
1705,Student_704,24,Female,Physics,7,3.48,95.0,False,2020-02-18,17,12,Islamabad,7,Pending
1706,Student_705,21,Other,BBA,2,3.73,89.0,False,2020-02-21,6,17,Faisalabad,9,Pending
1707,Student_706,23,Female,Physics,5,,61.0,False,2020-10-15,3,40,Multan,3,Pending
1708,Student_707,24,Other,CS,5,3.58,62.0,False,2022-02-28,25,23,Islamabad,6,Pending
1709,Student_708,21,Other,CS,6,2.59,92.0,False,2021-09-17,4,8,Lahore,9,Full
1710,Student_709,20,Female,CS,1,3.08,66.0,False,2020-08-26,27,30,Islamabad,2,Installment
1711,Student_710,19,Other,CS,7,2.69,66.0,False,2020-05-12,22,40,Multan,7,Installment
1712,Student_711,24,Female,CS,7,2.83,85.0,False,2022-09-25,15,9,Karachi,5,
1713,Student_712,22,Other,CS,1,3.46,70.0,False,2022-02-24,2,1,Multan,5,Installment
1714,Student_713,22,Male,BBA,7,3.76,57.0,False,2020-06-14,25,37,Karachi,11,Installment
1715,Student_714,20,Female,Math,8,2.24,54.0,False,2021-01-08,17,14,Karachi,7,Installment
1716,Student_715,21,Other,Physics,1,3.27,75.0,False,2021-01-07,28,2,Karachi,9,Pending
1717,Student_716,18,Other,CS,6,3.16,65.0,False,2022-03-15,22,42,Islamabad,4,Full
1718,Student_717,21,Male,BBA,4,2.24,85.0,False,2021-04-22,20,30,Lahore,9,Full
1719,Student_718,20,Female,BBA,5,2.42,77.0,False,2022-01-24,13,5,Islamabad,11,Installment
1720,Student_719,22,Other,BBA,6,2.62,78.0,False,2021-04-23,14,2,Lahore,10,Full
1721,Student_720,21,Male,Math,3,2.33,96.0,False,2022-04-11,16,10,Multan,9,Full
1722,Student_721,22,Other,Physics,2,2.49,61.0,True,2021-10-11,0,14,Faisalabad,4,Pending
1723,Student_722,24,Female,Math,4,2.54,86.0,False,2021-08-13,24,44,Multan,3,Pending
1724,Student_723,18,Other,EE,3,2.67,79.0,False,2021-11-12,20,27,Islamabad,2,Installment
1725,Student_724,24,Other,BBA,5,3.5,72.0,False,2021-09-26,16,9,Islamabad,9,Installment
1726,Student_725,22,Other,EE,7,3.14,65.0,False,2021-11-18,22,37,Lahore,2,Installment
1727,Student_726,22,Other,CS,1,3.97,63.0,False,2020-10-26,24,46,Islamabad,6,Pending
1728,Student_727,19,Male,CS,5,2.83,59.0,True,2020-03-22,10,49,Karachi,5,Full
1729,Student_728,19,Male,Math,6,3.51,56.0,False,2020-03-27,16,49,Islamabad,5,Pending
1730,Student_729,24,Female,Physics,2,3.74,94.0,True,2020-08-12,25,6,Lahore,4,Pending
1731,Student_730,23,Male,EE,6,3.36,86.0,False,2020-01-16,13,14,Lahore,6,Full
1732,Student_731,24,Male,Physics,4,2.82,78.0,False,2022-04-01,28,17,Karachi,5,Full
1733,Student_732,19,Female,Math,4,3.51,52.0,False,2020-12-23,19,17,Lahore,11,Installment
1734,Student_733,22,Male,CS,2,2.41,64.0,False,2020-06-11,29,40,Faisalabad,4,Full
1735,Student_734,20,Male,Physics,8,2.66,85.0,True,2021-09-01,18,23,Multan,9,Full
1736,Student_735,24,Female,Physics,3,3.09,96.0,False,2021-10-29,20,1,Islamabad,6,Full
1737,Student_736,22,Female,CS,3,3.15,95.0,False,2021-05-28,6,39,Faisalabad,11,Full
1738,Student_737,20,Female,EE,4,2.04,68.0,False,2020-12-15,23,19,Islamabad,10,Installment
1739,Student_738,20,Other,CS,4,3.89,62.0,False,2022-06-27,12,33,Faisalabad,10,Installment
1740,Student_739,19,Other,Physics,7,3.39,91.0,False,2021-11-11,17,42,Islamabad,10,Full
1741,Student_740,24,Female,EE,1,,70.0,False,2021-04-08,22,25,Karachi,3,Full
1742,Student_741,21,Female,EE,7,3.87,86.0,False,2022-04-06,29,6,Lahore,10,Installment
1743,Student_742,18,Female,CS,7,2.88,76.0,False,2022-04-16,13,37,Lahore,6,Installment
1744,Student_743,19,Other,Physics,8,3.96,78.0,False,2021-01-09,0,29,Karachi,1,Full
1745,Student_744,19,Other,Math,3,3.02,69.0,False,2020-04-01,6,41,Faisalabad,5,Pending
1746,Student_745,21,Male,Physics,8,2.23,74.0,True,2020-06-29,7,4,Multan,10,Installment
1747,Student_746,18,Male,BBA,8,3.53,55.0,False,2022-01-12,17,10,Faisalabad,6,Installment
1748,Student_747,22,Female,Math,2,3.36,85.0,False,2020-10-27,8,0,Lahore,11,Installment
1749,Student_748,23,Other,EE,3,3.55,51.0,False,2021-10-21,0,33,Multan,8,Full
1750,Student_749,24,Other,Math,1,3.9,71.0,False,2022-03-02,28,0,Islamabad,11,Full
1751,Student_750,23,Other,EE,6,3.55,81.0,False,2020-07-07,21,18,Multan,9,Installment
1752,Student_751,22,Female,EE,4,,65.0,False,2022-05-08,16,1,Faisalabad,11,Full
1753,Student_752,19,Male,Math,4,3.71,67.0,True,2022-05-11,18,20,Karachi,3,Full
1754,Student_753,18,Female,EE,1,3.35,54.0,False,2020-11-09,26,19,Islamabad,2,Installment
1755,Student_754,19,Male,EE,8,2.82,85.0,False,2021-05-07,5,22,Faisalabad,4,Full
1756,Student_755,20,Male,BBA,7,3.77,79.0,False,2022-07-11,2,20,Islamabad,8,Pending
1757,Student_756,19,Female,Physics,2,2.44,94.0,False,2022-07-10,23,23,Multan,11,Full
1758,Student_757,19,Male,Physics,8,3.43,68.0,False,2020-05-07,4,3,Lahore,8,Full
1759,Student_758,22,Male,BBA,4,3.76,72.0,False,2021-06-02,1,11,Faisalabad,3,
1760,Student_759,22,Other,Math,5,3.46,83.0,True,2021-03-01,19,21,Karachi,4,Installment
1761,Student_760,22,Male,CS,7,3.39,62.0,True,2021-07-12,24,19,Multan,3,Pending
1762,Student_761,23,Female,CS,4,3.51,92.0,False,2021-07-18,3,17,Faisalabad,10,Full
1763,Student_762,20,Female,CS,5,2.93,78.0,False,2020-07-05,9,0,Karachi,2,Pending
1764,Student_763,22,Male,BBA,8,3.75,85.0,False,2021-07-03,9,29,Faisalabad,4,Pending
1765,Student_764,18,Other,BBA,1,2.41,71.0,True,2021-03-28,23,32,Multan,6,Installment
1766,Student_765,23,Other,EE,1,2.25,96.0,False,2021-04-15,20,23,Faisalabad,11,Full
1767,Student_766,21,Male,CS,7,2.57,85.0,False,2022-09-14,10,13,Islamabad,11,Installment
1768,Student_767,18,Male,Math,4,3.06,58.0,False,2022-01-07,26,35,Multan,5,Pending
1769,Student_768,24,Female,Math,3,3.02,88.0,False,2021-07-18,15,4,Faisalabad,3,Pending
1770,Student_769,24,Male,CS,5,3.64,68.0,True,2022-06-29,25,10,Lahore,2,Installment
1771,Student_770,18,Other,CS,2,2.81,87.0,False,2020-08-11,28,23,Faisalabad,9,Installment
1772,Student_771,22,Male,CS,4,2.97,55.0,False,2020-06-02,28,30,Islamabad,1,Installment
1773,Student_772,21,Female,BBA,2,2.03,96.0,False,2021-07-13,29,12,Karachi,9,Installment
1774,Student_773,21,Female,BBA,4,2.82,64.0,False,2020-12-16,30,15,Karachi,1,Installment
1775,Student_774,23,Female,BBA,3,3.3,69.0,False,2020-05-26,16,23,Karachi,7,Pending
1776,Student_775,21,Female,Physics,3,2.03,58.0,True,2022-06-23,15,12,Lahore,6,Installment
1777,Student_776,24,Female,Math,7,2.56,81.0,False,2021-07-29,6,23,Islamabad,7,Full
1778,Student_777,20,Male,Math,7,2.42,53.0,False,2020-12-14,15,25,Multan,3,Pending
1779,Student_778,22,Male,EE,3,2.08,99.0,False,2020-06-30,2,1,Karachi,3,Pending
1780,Student_779,21,Male,BBA,6,2.96,67.0,False,2021-09-28,25,15,Islamabad,11,Full
1781,Student_780,23,Male,Physics,3,2.36,54.0,False,2020-06-27,15,37,Faisalabad,1,Full
1782,Student_781,24,Female,Physics,1,3.49,69.0,False,2020-02-08,7,45,Lahore,4,Pending
1783,Student_782,20,Other,Math,1,3.7,72.0,False,2022-02-10,29,0,Islamabad,2,Installment
1784,Student_783,19,Male,BBA,6,3.09,,False,2022-06-12,11,48,Islamabad,10,Pending
1785,Student_784,19,Other,EE,8,3.96,86.0,False,2020-01-03,2,10,Multan,8,Pending
1786,Student_785,20,Male,BBA,5,,71.0,False,2020-03-04,16,50,Islamabad,3,Full
1787,Student_786,24,Male,CS,8,3.03,53.0,False,2020-01-29,20,34,Multan,7,Pending
1788,Student_787,23,Other,BBA,2,3.98,78.0,False,2021-01-06,17,42,Lahore,7,Installment
1789,Student_788,20,Female,CS,8,2.46,93.0,False,2021-06-06,10,28,Lahore,9,Full
1790,Student_789,22,Male,CS,4,3.89,,True,2020-04-06,3,36,Faisalabad,6,Pending
1791,Student_790,22,Male,EE,8,2.09,62.0,False,2022-05-19,15,16,Multan,1,Pending
1792,Student_791,19,Male,Math,4,2.89,91.0,False,2021-03-17,16,38,Multan,8,Installment
1793,Student_792,21,Other,BBA,6,2.14,58.0,True,2020-07-21,8,41,Karachi,1,Pending
1794,Student_793,23,Female,CS,1,3.46,91.0,True,2021-02-14,5,27,Karachi,3,Pending
1795,Student_794,19,Other,BBA,7,3.22,80.0,False,2022-09-19,23,28,Faisalabad,11,Pending
1796,Student_795,21,Other,Math,4,3.41,56.0,False,2020-01-21,26,42,Lahore,5,Pending
1797,Student_796,21,Female,Math,1,2.75,53.0,False,2021-07-04,19,2,Karachi,8,Installment
1798,Student_797,22,Other,Physics,5,2.74,68.0,False,2022-01-04,24,9,Islamabad,9,Pending
1799,Student_798,24,Female,Math,2,2.09,91.0,False,2020-04-11,1,41,Lahore,7,Pending
1800,Student_799,18,Male,EE,5,2.7,79.0,False,2020-02-15,8,13,Islamabad,9,Pending
1801,Student_800,24,Female,CS,6,3.86,80.0,False,2020-03-06,27,11,Multan,11,Full
1802,Student_801,18,Male,Physics,8,2.76,84.0,True,2021-08-25,20,46,Lahore,3,Installment
1803,Student_802,20,Other,EE,8,3.66,70.0,False,2020-06-12,28,41,Faisalabad,5,Full
1804,Student_803,22,Other,BBA,3,3.68,80.0,False,2022-08-28,5,29,Multan,10,Full
1805,Student_804,21,Male,CS,3,2.75,68.0,True,2020-04-20,2,31,Multan,8,Installment
1806,Student_805,23,Other,Math,3,3.26,80.0,False,2020-12-03,19,31,Islamabad,1,Full
1807,Student_806,18,Female,CS,5,2.19,81.0,True,2020-05-02,5,41,Multan,8,Full
1808,Student_807,24,Male,BBA,4,2.21,51.0,False,2021-12-05,6,31,Karachi,7,Full
1809,Student_808,21,Other,Physics,2,,59.0,False,2021-03-22,0,25,Lahore,1,Installment
1810,Student_809,18,Male,Physics,3,3.16,51.0,False,2021-09-02,22,50,Karachi,10,Pending
1811,Student_810,18,Female,Physics,6,2.85,51.0,False,2020-10-17,0,0,Islamabad,10,Installment
1812,Student_811,18,Female,Math,6,3.1,73.0,False,2021-11-01,4,41,Islamabad,6,Installment
1813,Student_812,23,Other,EE,3,3.04,66.0,False,2021-02-15,5,1,Lahore,1,Installment
1814,Student_813,22,Female,EE,8,2.7,81.0,False,2021-09-06,12,16,Multan,2,Full
1815,Student_814,23,Male,CS,3,3.35,65.0,False,2022-06-15,1,29,Faisalabad,5,
1816,Student_815,19,Female,Math,2,3.52,65.0,False,2020-10-07,14,38,Islamabad,2,Installment
1817,Student_816,21,Male,Physics,3,2.03,95.0,False,2020-02-12,14,6,Lahore,10,Installment
1818,Student_817,22,Male,Physics,2,2.41,88.0,False,2021-04-30,12,26,Faisalabad,1,Pending
1819,Student_818,22,Female,BBA,6,3.43,80.0,False,2021-08-18,25,8,Multan,6,Pending
1820,Student_819,22,Other,BBA,3,2.77,92.0,True,2022-08-20,24,21,Islamabad,8,Pending
1821,Student_820,24,Female,Physics,5,3.32,73.0,True,2021-12-03,13,33,Lahore,8,Full
1822,Student_821,22,Male,Physics,7,2.69,50.0,False,2020-02-20,25,45,Lahore,8,Pending
1823,Student_822,23,Male,Math,5,2.78,60.0,False,2022-06-16,21,48,Lahore,11,Full
1824,Student_823,22,Female,EE,6,,70.0,False,2020-07-28,6,0,Islamabad,6,Installment
1825,Student_824,20,Other,BBA,2,2.52,53.0,True,2020-05-05,13,8,Faisalabad,11,Full
1826,Student_825,21,Other,EE,5,3.21,56.0,False,2021-05-06,30,19,Lahore,3,Pending
1827,Student_826,22,Male,Math,2,2.87,,False,2021-05-23,25,18,Multan,1,Full
1828,Student_827,21,Male,Physics,5,3.55,96.0,False,2022-08-17,30,35,Lahore,2,Pending
1829,Student_828,20,Other,EE,5,3.71,99.0,False,2022-08-27,23,39,Faisalabad,5,Full
1830,Student_829,20,Female,Physics,2,3.08,61.0,False,2021-08-03,26,44,Islamabad,10,Installment
1831,Student_830,21,Male,Physics,4,3.52,80.0,False,2022-02-15,30,3,Lahore,5,Full
1832,Student_831,18,Male,CS,5,2.61,66.0,False,2020-09-14,28,8,Lahore,10,Installment
1833,Student_832,19,Other,EE,3,2.83,82.0,False,2022-07-18,9,40,Multan,1,Pending
1834,Student_833,24,Female,EE,7,3.43,60.0,False,2020-07-06,16,21,Multan,1,Installment
1835,Student_834,18,Other,Physics,6,2.77,77.0,False,2020-08-17,13,17,Lahore,9,
1836,Student_835,18,Female,Math,4,3.18,,False,2020-07-07,7,11,Lahore,2,Pending
1837,Student_836,23,Female,CS,2,2.37,50.0,True,2021-02-18,3,41,Multan,7,Installment
1838,Student_837,24,Female,Physics,4,3.2,96.0,True,2020-01-10,25,42,Faisalabad,10,Installment
1839,Student_838,24,Male,BBA,1,3.72,77.0,False,2020-04-23,15,38,Karachi,4,Full
1840,Student_839,18,Other,BBA,1,3.74,91.0,False,2020-03-16,23,8,Karachi,7,Full
1841,Student_840,22,Other,CS,5,,56.0,False,2021-11-06,12,5,Lahore,8,Installment
1842,Student_841,23,Female,Math,5,3.49,51.0,True,2021-05-16,30,18,Multan,5,Installment
1843,Student_842,23,Male,Physics,3,3.12,91.0,False,2020-03-25,21,47,Islamabad,1,Installment
1844,Student_843,20,Male,EE,7,3.17,73.0,False,2020-02-18,26,46,Islamabad,4,Installment
1845,Student_844,24,Other,CS,6,2.27,53.0,False,2021-05-09,24,6,Karachi,10,Pending
1846,Student_845,18,Male,Math,4,2.89,93.0,False,2022-04-17,26,15,Faisalabad,3,Installment
1847,Student_846,20,Male,EE,1,2.9,68.0,True,2021-11-19,19,4,Karachi,10,Installment
1848,Student_847,21,Female,BBA,5,3.92,75.0,False,2021-01-21,17,15,Lahore,5,Installment
1849,Student_848,19,Male,BBA,8,2.86,60.0,False,2022-08-27,13,0,Faisalabad,10,Installment
1850,Student_849,23,Female,EE,8,3.1,89.0,False,2021-01-23,17,50,Islamabad,10,Pending
1851,Student_850,21,Other,CS,6,3.07,99.0,False,2020-08-05,4,36,Multan,6,Full
1852,Student_851,21,Male,BBA,4,3.27,92.0,False,2021-12-01,25,38,Multan,2,Full
1853,Student_852,22,Other,Physics,5,3.5,60.0,False,2022-09-07,8,18,Lahore,7,Full
1854,Student_853,19,Other,EE,5,2.45,94.0,True,2020-12-11,27,36,Karachi,3,Full
1855,Student_854,21,Male,EE,1,3.06,52.0,True,2020-08-17,2,16,Lahore,1,Full
1856,Student_855,21,Male,BBA,1,3.65,61.0,False,2020-09-11,7,25,Multan,10,Pending
1857,Student_856,19,Other,CS,5,2.93,52.0,False,2020-08-23,19,21,Islamabad,3,Full
1858,Student_857,19,Male,Physics,2,2.56,91.0,False,2020-01-26,21,7,Multan,9,Pending
1859,Student_858,21,Female,CS,5,3.31,76.0,False,2021-08-06,9,32,Faisalabad,10,Pending
1860,Student_859,19,Female,Math,6,3.65,98.0,False,2020-09-17,21,1,Multan,11,Full
1861,Student_860,21,Male,Math,5,2.13,51.0,False,2022-02-04,18,29,Multan,11,Full
1862,Student_861,21,Other,BBA,3,3.55,98.0,False,2020-09-27,29,46,Faisalabad,6,Full
1863,Student_862,22,Male,BBA,7,3.64,65.0,False,2020-05-02,20,19,Karachi,11,Installment
1864,Student_863,18,Male,BBA,3,2.92,51.0,False,2021-10-17,27,17,Multan,6,Pending
1865,Student_864,21,Other,Math,3,3.97,79.0,False,2020-09-13,2,42,Lahore,4,Full
1866,Student_865,20,Other,CS,2,3.57,69.0,True,2021-10-17,10,9,Multan,8,Installment
1867,Student_866,23,Female,CS,2,3.55,87.0,True,2021-02-24,30,23,Lahore,5,Pending
1868,Student_867,24,Other,BBA,8,3.5,77.0,False,2020-09-15,10,3,Faisalabad,7,Installment
1869,Student_868,18,Female,Physics,5,2.3,74.0,False,2022-08-05,30,36,Multan,9,Installment
1870,Student_869,18,Other,CS,3,2.43,81.0,True,2020-02-16,16,3,Faisalabad,5,Full
1871,Student_870,18,Male,Math,2,2.93,59.0,False,2022-05-12,15,12,Faisalabad,11,Pending
1872,Student_871,22,Female,EE,1,2.53,91.0,False,2021-06-08,6,24,Karachi,5,Installment
1873,Student_872,21,Female,EE,5,2.83,89.0,False,2022-06-06,3,12,Multan,4,Pending
1874,Student_873,22,Female,EE,6,3.78,82.0,True,2020-07-26,29,17,Lahore,6,Full
1875,Student_874,21,Male,Physics,7,3.65,62.0,True,2020-11-06,22,23,Lahore,2,Pending
1876,Student_875,22,Male,BBA,4,3.26,90.0,False,2022-01-16,18,1,Multan,3,Installment
1877,Student_876,22,Male,Math,5,3.72,91.0,False,2020-05-28,11,47,Karachi,1,Installment
1878,Student_877,23,Male,Physics,4,3.57,96.0,False,2022-04-13,14,32,Karachi,2,Pending
1879,Student_878,20,Male,Math,3,2.86,86.0,False,2021-03-13,30,18,Karachi,2,Installment
1880,Student_879,22,Female,Math,7,2.4,65.0,True,2020-06-03,10,8,Lahore,8,Installment
1881,Student_880,23,Male,BBA,4,3.03,94.0,True,2021-11-08,4,27,Faisalabad,8,Installment
1882,Student_881,19,Female,EE,3,3.47,71.0,False,2020-03-30,4,34,Karachi,2,Full
1883,Student_882,20,Male,BBA,1,2.87,69.0,True,2021-11-28,14,38,Lahore,6,Full
1884,Student_883,22,Other,Physics,4,3.33,99.0,False,2022-04-09,28,9,Lahore,5,Installment
1885,Student_884,24,Female,Physics,7,2.19,92.0,False,2020-12-23,17,0,Faisalabad,3,Pending
1886,Student_885,18,Other,Physics,8,3.5,76.0,True,2020-06-22,10,41,Multan,5,Full
1887,Student_886,19,Female,BBA,5,3.63,90.0,False,2020-08-04,25,20,Multan,5,Pending
1888,Student_887,19,Other,Math,3,3.41,65.0,False,2022-06-25,11,8,Karachi,5,Installment
1889,Student_888,23,Male,Math,5,3.93,83.0,False,2021-03-31,1,46,Karachi,3,Installment
1890,Student_889,19,Male,CS,7,,81.0,True,2022-02-14,19,14,Faisalabad,3,Pending
1891,Student_890,20,Male,Physics,2,3.81,75.0,False,2021-08-31,14,34,Karachi,4,Full
1892,Student_891,22,Female,Math,3,3.87,74.0,False,2021-09-20,19,4,Faisalabad,7,Pending
1893,Student_892,22,Other,CS,4,3.6,51.0,False,2020-07-17,3,40,Lahore,2,Pending
1894,Student_893,24,Male,Math,3,3.35,61.0,False,2022-04-11,21,21,Karachi,10,Installment
1895,Student_894,18,Other,Physics,5,2.01,89.0,False,2021-04-30,17,40,Lahore,4,Full
1896,Student_895,23,Other,EE,1,2.93,58.0,False,2021-06-16,5,22,Islamabad,4,Pending
1897,Student_896,18,Male,Physics,3,3.14,61.0,False,2020-07-18,22,6,Faisalabad,1,Full
1898,Student_897,19,Male,BBA,4,2.61,75.0,False,2021-01-05,26,22,Islamabad,10,Installment
1899,Student_898,24,Other,Math,2,2.64,58.0,False,2022-08-16,25,43,Karachi,8,Full
1900,Student_899,18,Male,Math,8,3.92,59.0,True,2022-05-02,18,24,Lahore,1,Installment
1901,Student_900,20,Male,BBA,6,3.78,81.0,True,2021-03-23,10,26,Karachi,8,Full
1902,Student_901,22,Male,BBA,1,3.7,83.0,False,2020-09-04,27,40,Islamabad,7,Pending
1903,Student_902,19,Female,EE,8,2.81,97.0,False,2022-02-26,23,5,Karachi,9,
1904,Student_903,24,Other,Math,2,2.03,69.0,False,2020-09-20,1,33,Multan,8,Pending
1905,Student_904,18,Other,Math,3,2.16,88.0,False,2020-02-27,26,8,Islamabad,5,Installment
1906,Student_905,23,Female,EE,5,2.62,51.0,False,2020-10-28,7,48,Karachi,8,Full
1907,Student_906,20,Other,CS,7,2.03,50.0,False,2020-01-31,28,32,Lahore,11,Full
1908,Student_907,20,Male,EE,5,2.03,85.0,False,2021-05-12,10,50,Karachi,10,Installment
1909,Student_908,18,Other,Physics,8,3.83,73.0,False,2020-09-05,4,5,Lahore,3,Installment
1910,Student_909,22,Male,Math,4,3.41,76.0,True,2021-08-27,17,36,Multan,10,Installment
1911,Student_910,18,Female,BBA,5,2.62,51.0,True,2022-02-15,22,30,Karachi,7,
1912,Student_911,19,Male,Physics,1,2.27,80.0,False,2020-09-27,29,33,Multan,4,Installment
1913,Student_912,18,Other,Math,5,3.02,63.0,True,2021-08-28,17,40,Islamabad,5,Installment
1914,Student_913,20,Other,EE,4,2.01,51.0,False,2021-10-27,13,28,Lahore,9,Pending
1915,Student_914,24,Other,Physics,6,3.88,78.0,False,2021-01-28,21,13,Islamabad,7,Installment
1916,Student_915,18,Female,Math,3,2.83,64.0,False,2022-03-07,9,35,Lahore,4,Pending
1917,Student_916,22,Female,CS,7,2.8,,True,2021-05-16,2,35,Multan,6,Pending
1918,Student_917,24,Other,CS,8,2.78,,False,2021-08-14,8,14,Faisalabad,10,Pending
1919,Student_918,23,Male,BBA,3,2.14,77.0,False,2022-03-14,2,7,Karachi,11,Full
1920,Student_919,21,Female,Math,5,3.28,69.0,False,2020-03-24,10,25,Multan,7,Pending
1921,Student_920,18,Other,CS,2,3.47,88.0,False,2020-12-30,30,35,Lahore,10,Installment
1922,Student_921,22,Other,EE,3,3.35,73.0,False,2022-06-04,11,47,Lahore,9,Full
1923,Student_922,24,Female,Math,6,2.28,70.0,False,2021-07-02,11,20,Lahore,4,Full
1924,Student_923,22,Female,EE,5,3.16,59.0,False,2020-12-07,2,27,Lahore,10,Full
1925,Student_924,23,Female,EE,7,3.14,95.0,True,2022-04-18,20,3,Karachi,3,Full
1926,Student_925,20,Male,CS,4,3.74,63.0,False,2021-02-10,6,15,Islamabad,8,Full
1927,Student_926,22,Male,Math,6,2.76,86.0,False,2021-02-28,13,21,Faisalabad,1,Full
1928,Student_927,24,Other,Physics,5,2.74,67.0,False,2022-01-13,23,11,Karachi,9,Full
1929,Student_928,22,Female,CS,6,3.24,73.0,False,2020-04-02,27,15,Lahore,1,
1930,Student_929,22,Male,CS,3,3.27,63.0,False,2022-04-27,10,50,Karachi,2,Installment
1931,Student_930,22,Female,Math,7,2.94,83.0,False,2021-09-05,6,39,Multan,8,Installment
1932,Student_931,19,Other,Math,4,2.89,61.0,False,2021-02-15,24,37,Lahore,9,Pending
1933,Student_932,19,Male,EE,5,2.99,71.0,False,2021-03-07,20,41,Faisalabad,7,Pending
1934,Student_933,20,Male,Math,1,3.72,55.0,False,2021-11-08,9,36,Lahore,3,Full
1935,Student_934,18,Male,EE,8,2.92,85.0,False,2020-06-07,10,28,Faisalabad,7,Full
1936,Student_935,22,Other,CS,4,3.88,94.0,False,2020-01-14,14,17,Faisalabad,6,Pending
1937,Student_936,23,Female,BBA,1,3.01,85.0,False,2021-01-07,18,9,Islamabad,2,Full
1938,Student_937,18,Male,Physics,6,3.9,,False,2020-08-12,15,41,Islamabad,3,Installment
1939,Student_938,23,Other,CS,2,3.67,63.0,True,2021-05-19,21,38,Karachi,11,Installment
1940,Student_939,18,Female,Math,4,2.72,65.0,False,2020-03-13,20,17,Karachi,10,Full
1941,Student_940,20,Other,Physics,6,3.73,85.0,False,2020-09-05,27,0,Faisalabad,10,Full
1942,Student_941,22,Female,BBA,1,2.22,74.0,False,2021-05-25,19,38,Lahore,5,Full
1943,Student_942,22,Other,BBA,3,3.85,81.0,False,2021-08-25,11,20,Multan,10,Installment
1944,Student_943,21,Female,EE,3,3.26,82.0,False,2020-08-03,17,0,Multan,4,Full
1945,Student_944,23,Male,Physics,2,2.11,94.0,False,2022-08-30,22,14,Lahore,2,Pending
1946,Student_945,18,Female,EE,8,3.29,85.0,False,2021-08-24,12,3,Lahore,4,Full
1947,Student_946,18,Other,CS,4,3.95,69.0,False,2021-06-24,4,19,Islamabad,8,Pending
1948,Student_947,19,Other,Physics,4,2.14,67.0,False,2022-08-04,3,9,Multan,5,Full
1949,Student_948,21,Female,CS,4,3.11,87.0,False,2022-03-27,27,22,Faisalabad,5,Full
1950,Student_949,24,Male,EE,8,3.5,52.0,False,2022-07-27,13,40,Karachi,10,Installment
1951,Student_950,24,Male,Physics,6,3.62,72.0,False,2022-09-14,7,33,Islamabad,3,Pending
1952,Student_951,19,Female,EE,7,2.83,81.0,False,2020-08-07,8,45,Multan,8,Pending
1953,Student_952,19,Female,Physics,7,2.41,94.0,False,2022-04-19,24,47,Lahore,6,Pending
1954,Student_953,19,Other,EE,2,2.08,65.0,False,2021-12-27,18,32,Multan,2,Installment
1955,Student_954,23,Male,BBA,4,3.16,54.0,False,2020-08-08,2,33,Faisalabad,2,Pending
1956,Student_955,23,Female,EE,6,2.91,53.0,False,2021-01-23,4,38,Islamabad,9,Installment
1957,Student_956,20,Male,BBA,3,3.9,70.0,False,2021-07-07,20,9,Lahore,7,Full
1958,Student_957,20,Female,EE,1,2.12,89.0,False,2021-10-08,25,19,Faisalabad,10,Full
1959,Student_958,19,Female,Physics,6,3.37,63.0,False,2020-02-11,17,0,Karachi,9,Pending
1960,Student_959,21,Male,Physics,8,2.05,88.0,False,2021-11-06,0,12,Islamabad,6,Full
1961,Student_960,18,Female,Physics,7,2.34,80.0,True,2022-05-22,7,0,Faisalabad,5,Full
1962,Student_961,23,Female,Math,7,,63.0,True,2020-10-09,18,4,Faisalabad,1,Pending
1963,Student_962,21,Other,CS,3,2.91,55.0,False,2020-02-27,16,15,Lahore,6,Full
1964,Student_963,22,Female,Physics,3,3.37,61.0,True,2022-03-24,16,14,Karachi,6,Pending
1965,Student_964,23,Female,BBA,8,3.82,65.0,True,2022-04-13,10,48,Faisalabad,3,Pending
1966,Student_965,23,Female,Physics,1,3.28,66.0,False,2021-06-20,30,27,Islamabad,3,Full
1967,Student_966,20,Other,Math,3,3.91,94.0,True,2020-03-13,1,30,Faisalabad,3,Full
1968,Student_967,18,Male,BBA,2,3.76,72.0,True,2022-06-03,5,22,Multan,3,Full
1969,Student_968,18,Other,Math,1,3.17,63.0,False,2022-07-11,21,47,Islamabad,7,Full
1970,Student_969,24,Other,BBA,3,3.67,56.0,False,2020-05-08,13,44,Islamabad,10,Full
1971,Student_970,24,Male,EE,5,3.29,95.0,False,2021-08-21,2,42,Faisalabad,11,Installment
1972,Student_971,24,Other,CS,6,2.16,81.0,True,2022-04-21,11,16,Lahore,2,Full
1973,Student_972,24,Male,CS,3,3.48,64.0,False,2021-03-01,3,48,Islamabad,10,Installment
1974,Student_973,22,Other,Math,2,2.19,93.0,False,2022-08-05,11,33,Multan,10,Pending
1975,Student_974,22,Male,CS,4,3.19,66.0,False,2021-10-26,12,12,Lahore,2,Full
1976,Student_975,23,Female,Math,3,3.41,90.0,False,2021-11-24,1,13,Lahore,3,Full
1977,Student_976,19,Other,Math,7,2.13,96.0,False,2020-05-04,1,10,Lahore,10,
1978,Student_977,20,Other,Math,7,2.46,93.0,False,2020-03-07,14,27,Islamabad,7,Pending
1979,Student_978,20,Other,CS,7,3.83,83.0,True,2020-01-06,22,41,Lahore,3,Installment
1980,Student_979,24,Other,Math,4,3.23,54.0,False,2021-09-28,28,31,Faisalabad,7,Installment
1981,Student_980,23,Female,CS,7,2.49,94.0,False,2020-11-09,16,34,Lahore,9,Full
1982,Student_981,21,Other,Math,5,3.38,76.0,False,2020-11-21,6,30,Multan,11,Full
1983,Student_982,19,Female,Physics,3,3.19,72.0,True,2021-07-18,29,16,Karachi,10,Full
1984,Student_983,23,Female,Math,8,3.0,89.0,False,2021-07-31,27,46,Multan,11,Full
1985,Student_984,19,Female,BBA,7,3.95,63.0,False,2022-04-05,13,8,Islamabad,4,Pending
1986,Student_985,19,Female,Math,1,3.37,64.0,True,2021-05-20,11,9,Lahore,7,Full
1987,Student_986,19,Male,EE,8,2.75,92.0,False,2020-03-22,29,7,Lahore,9,Pending
1988,Student_987,23,Male,Math,4,3.6,82.0,True,2021-08-21,16,20,Faisalabad,8,Full
1989,Student_988,24,Other,BBA,5,3.77,80.0,False,2020-01-02,13,12,Lahore,8,Installment
1990,Student_989,20,Male,BBA,1,2.25,84.0,False,2020-07-22,5,49,Multan,9,Installment
1991,Student_990,20,Male,CS,1,2.4,66.0,False,2021-10-23,18,4,Islamabad,5,Full
1992,Student_991,24,Other,Physics,1,2.43,,False,2022-03-15,23,5,Karachi,5,Full
1993,Student_992,19,Other,Math,1,3.38,68.0,False,2021-02-07,5,29,Lahore,3,Pending
1994,Student_993,21,Other,CS,8,3.21,95.0,False,2020-04-12,26,30,Karachi,5,Full
1995,Student_994,18,Male,Physics,8,3.24,72.0,False,2021-06-19,17,16,Lahore,8,Full
1996,Student_995,23,Male,Math,3,3.88,81.0,False,2021-01-02,23,10,Islamabad,5,Full
1997,Student_996,18,Other,EE,7,3.55,89.0,False,2020-07-30,4,19,Multan,4,Installment
1998,Student_997,24,Female,Math,6,2.26,62.0,True,2021-07-30,23,47,Islamabad,8,Pending
1999,Student_998,21,Other,BBA,3,2.7,69.0,False,2022-08-18,23,8,Karachi,7,Installment
2000,Student_999,23,Female,BBA,3,2.87,84.0,False,2020-07-27,5,1,Lahore,6,Pending
1001,Student_0,24,Other,Math,3,,61.0,False,2021-09-11,26,33,Multan,10,
1002,Student_1,21,Female,EE,1,3.94,98.0,False,2020-01-26,0,39,Lahore,5,Installment
1003,Student_2,22,Other,EE,5,2.44,66.0,False,2022-08-14,20,46,Faisalabad,7,Full
1004,Student_3,24,Male,EE,4,3.47,91.0,False,2021-02-24,19,14,Faisalabad,8,Full
1005,Student_4,20,Male,CS,2,3.53,79.0,False,2021-10-24,12,10,Karachi,3,Installment
1006,Student_5,22,Male,Math,1,3.86,78.0,False,2020-08-08,29,21,Lahore,2,
1007,Student_6,22,Female,Math,3,2.06,68.0,False,2022-05-02,8,23,Islamabad,2,Full
1008,Student_7,24,Male,Physics,7,3.74,95.0,False,2021-05-10,14,0,Lahore,5,Pending
1009,Student_8,19,Female,Physics,6,3.05,60.0,False,2020-08-24,2,17,Faisalabad,1,Pending
1010,Student_9,20,Male,Physics,7,3.27,83.0,True,2020-08-24,13,43,Karachi,2,Full
1011,Student_10,24,Male,EE,7,3.29,99.0,True,2020-08-06,22,11,Karachi,9,Installment
1012,Student_11,20,Female,Math,2,3.64,56.0,False,2021-05-01,10,42,Islamabad,7,Full
1013,Student_12,20,Female,EE,8,2.67,93.0,False,2022-07-24,23,27,Karachi,6,Full
1014,Student_13,22,Male,CS,8,3.47,83.0,False,2021-04-05,21,39,Karachi,9,Installment
1015,Student_14,21,Female,Physics,3,3.06,69.0,True,2021-10-24,11,6,Karachi,7,Pending
1016,Student_15,20,Male,EE,4,3.59,99.0,True,2021-09-26,12,22,Karachi,11,Full
1017,Student_16,23,Female,EE,8,3.98,,False,2020-05-23,25,20,Karachi,5,Pending
1018,Student_17,22,Other,CS,7,2.4,73.0,False,2022-09-16,12,33,Faisalabad,9,Pending
1019,Student_18,19,Other,BBA,8,3.99,59.0,False,2020-07-07,0,10,Lahore,6,Installment
1020,Student_19,21,Other,Math,7,2.18,81.0,False,2020-09-11,23,21,Multan,6,Full
1021,Student_20,23,Other,BBA,5,2.0,64.0,False,2020-03-08,30,41,Karachi,11,Full
1022,Student_21,23,Other,Physics,2,2.09,86.0,False,2021-09-07,9,34,Multan,4,Pending
1023,Student_22,19,Male,EE,2,2.68,69.0,False,2020-12-01,2,28,Multan,1,Pending
1024,Student_23,21,Other,CS,4,3.27,52.0,False,2021-11-01,23,41,Faisalabad,5,Installment
1025,Student_24,22,Other,CS,8,2.14,86.0,False,2022-03-31,27,27,Karachi,11,Pending
1026,Student_25,18,Other,Math,8,2.01,89.0,False,2022-05-23,3,17,Multan,9,Installment
1027,Student_26,21,Other,BBA,6,3.87,57.0,False,2021-02-12,15,13,Karachi,8,Full
1028,Student_27,19,Female,Math,1,3.64,89.0,False,2020-10-26,7,17,Islamabad,8,Installment
1029,Student_28,23,Male,EE,5,3.62,93.0,True,2022-06-26,15,27,Islamabad,5,Pending
1030,Student_29,22,Other,Math,2,3.77,72.0,False,2021-08-24,26,23,Islamabad,9,Full
